"lemma"	"gloss"	"pos"	"inflected_form"	"features"	"segmentation"	"source"
"jibu"	"answer; respond"	"V"	"utajibu"	"V;FIN;IND;FUT;2;SG"	""	"UniMorph swc@02a2bdec0e5cb0dc93b6ef11db4d54a82c34b224; https://github.com/unimorph/swc/tree/02a2bdec0e5cb0dc93b6ef11db4d54a82c34b224; Wiktionary: https://en.wiktionary.org/wiki/jibu"
"jibu"	"answer; respond"	"V"	"mlijibu"	"V;FIN;IND;PST;2;PL"	""	"UniMorph swc@02a2bdec0e5cb0dc93b6ef11db4d54a82c34b224; https://github.com/unimorph/swc/tree/02a2bdec0e5cb0dc93b6ef11db4d54a82c34b224; Wiktionary: https://en.wiktionary.org/wiki/jibu"
"jibu"	"answer; respond"	"V"	"umejibu"	"V;FIN;IND;PST;PRF;2;SG"	""	"UniMorph swc@02a2bdec0e5cb0dc93b6ef11db4d54a82c34b224; https://github.com/unimorph/swc/tree/02a2bdec0e5cb0dc93b6ef11db4d54a82c34b224; Wiktionary: https://en.wiktionary.org/wiki/jibu"
"jibu"	"answer; respond"	"V"	"ninajibu"	"V;FIN;IND;PRES;1;SG"	""	"UniMorph swc@02a2bdec0e5cb0dc93b6ef11db4d54a82c34b224; https://github.com/unimorph/swc/tree/02a2bdec0e5cb0dc93b6ef11db4d54a82c34b224; Wiktionary: https://en.wiktionary.org/wiki/jibu"
"jibu"	"answer; respond"	"V"	"nimejibu"	"V;FIN;IND;PST;PRF;1;SG"	""	"UniMorph swc@02a2bdec0e5cb0dc93b6ef11db4d54a82c34b224; https://github.com/unimorph/swc/tree/02a2bdec0e5cb0dc93b6ef11db4d54a82c34b224; Wiktionary: https://en.wiktionary.org/wiki/jibu"
"jibu"	"answer; respond"	"V"	"mnajibu"	"V;FIN;IND;PRES;2;PL"	""	"UniMorph swc@02a2bdec0e5cb0dc93b6ef11db4d54a82c34b224; https://github.com/unimorph/swc/tree/02a2bdec0e5cb0dc93b6ef11db4d54a82c34b224; Wiktionary: https://en.wiktionary.org/wiki/jibu"
"jibu"	"answer; respond"	"V"	"nilijibu"	"V;FIN;IND;PST;1;SG"	""	"UniMorph swc@02a2bdec0e5cb0dc93b6ef11db4d54a82c34b224; https://github.com/unimorph/swc/tree/02a2bdec0e5cb0dc93b6ef11db4d54a82c34b224; Wiktionary: https://en.wiktionary.org/wiki/jibu"
"jibu"	"answer; respond"	"V"	"tunajibu"	"V;FIN;IND;PRES;1;PL"	""	"UniMorph swc@02a2bdec0e5cb0dc93b6ef11db4d54a82c34b224; https://github.com/unimorph/swc/tree/02a2bdec0e5cb0dc93b6ef11db4d54a82c34b224; Wiktionary: https://en.wiktionary.org/wiki/jibu"
"jibu"	"answer; respond"	"V"	"ulijibu"	"V;FIN;IND;PST;2;SG"	""	"UniMorph swc@02a2bdec0e5cb0dc93b6ef11db4d54a82c34b224; https://github.com/unimorph/swc/tree/02a2bdec0e5cb0dc93b6ef11db4d54a82c34b224; Wiktionary: https://en.wiktionary.org/wiki/jibu"
"jibu"	"answer; respond"	"V"	"tulijibu"	"V;FIN;IND;PST;1;PL"	""	"UniMorph swc@02a2bdec0e5cb0dc93b6ef11db4d54a82c34b224; https://github.com/unimorph/swc/tree/02a2bdec0e5cb0dc93b6ef11db4d54a82c34b224; Wiktionary: https://en.wiktionary.org/wiki/jibu"
"jibu"	"answer; respond"	"V"	"mtajibu"	"V;FIN;IND;FUT;2;PL"	""	"UniMorph swc@02a2bdec0e5cb0dc93b6ef11db4d54a82c34b224; https://github.com/unimorph/swc/tree/02a2bdec0e5cb0dc93b6ef11db4d54a82c34b224; Wiktionary: https://en.wiktionary.org/wiki/jibu"
"jibu"	"answer; respond"	"V"	"tutajibu"	"V;FIN;IND;FUT;1;PL"	""	"UniMorph swc@02a2bdec0e5cb0dc93b6ef11db4d54a82c34b224; https://github.com/unimorph/swc/tree/02a2bdec0e5cb0dc93b6ef11db4d54a82c34b224; Wiktionary: https://en.wiktionary.org/wiki/jibu"
"jibu"	"answer; respond"	"V"	"unajibu"	"V;FIN;IND;PRES;2;SG"	""	"UniMorph swc@02a2bdec0e5cb0dc93b6ef11db4d54a82c34b224; https://github.com/unimorph/swc/tree/02a2bdec0e5cb0dc93b6ef11db4d54a82c34b224; Wiktionary: https://en.wiktionary.org/wiki/jibu"
"jibu"	"answer; respond"	"V"	"tumejibu"	"V;FIN;IND;PST;PRF;1;PL"	""	"UniMorph swc@02a2bdec0e5cb0dc93b6ef11db4d54a82c34b224; https://github.com/unimorph/swc/tree/02a2bdec0e5cb0dc93b6ef11db4d54a82c34b224; Wiktionary: https://en.wiktionary.org/wiki/jibu"
"jibu"	"answer; respond"	"V"	"mmejibu"	"V;FIN;IND;PST;PRF;2;PL"	""	"UniMorph swc@02a2bdec0e5cb0dc93b6ef11db4d54a82c34b224; https://github.com/unimorph/swc/tree/02a2bdec0e5cb0dc93b6ef11db4d54a82c34b224; Wiktionary: https://en.wiktionary.org/wiki/jibu"
"jibu"	"answer; respond"	"V"	"nitajibu"	"V;FIN;IND;FUT;1;SG"	""	"UniMorph swc@02a2bdec0e5cb0dc93b6ef11db4d54a82c34b224; https://github.com/unimorph/swc/tree/02a2bdec0e5cb0dc93b6ef11db4d54a82c34b224; Wiktionary: https://en.wiktionary.org/wiki/jibu"
"lala"	"sleep"	"V"	"utalala"	"V;FIN;IND;FUT;2;SG"	"u-ta-lal-a"	"UniMorph swc@02a2bdec0e5cb0dc93b6ef11db4d54a82c34b224; https://github.com/unimorph/swc/tree/02a2bdec0e5cb0dc93b6ef11db4d54a82c34b224; Wiktionary: https://en.wiktionary.org/wiki/lala"
"lala"	"sleep"	"V"	"mlilala"	"V;FIN;IND;PST;2;PL"	"m-li-lal-a"	"UniMorph swc@02a2bdec0e5cb0dc93b6ef11db4d54a82c34b224; https://github.com/unimorph/swc/tree/02a2bdec0e5cb0dc93b6ef11db4d54a82c34b224; Wiktionary: https://en.wiktionary.org/wiki/lala"
"lala"	"sleep"	"V"	"umelala"	"V;FIN;IND;PST;PRF;2;SG"	"u-me-lal-a"	"UniMorph swc@02a2bdec0e5cb0dc93b6ef11db4d54a82c34b224; https://github.com/unimorph/swc/tree/02a2bdec0e5cb0dc93b6ef11db4d54a82c34b224; Wiktionary: https://en.wiktionary.org/wiki/lala"
"lala"	"sleep"	"V"	"ninalala"	"V;FIN;IND;PRES;1;SG"	"ni-na-lal-a"	"UniMorph swc@02a2bdec0e5cb0dc93b6ef11db4d54a82c34b224; https://github.com/unimorph/swc/tree/02a2bdec0e5cb0dc93b6ef11db4d54a82c34b224; Wiktionary: https://en.wiktionary.org/wiki/lala"
"lala"	"sleep"	"V"	"nimelala"	"V;FIN;IND;PST;PRF;1;SG"	"ni-me-lal-a"	"UniMorph swc@02a2bdec0e5cb0dc93b6ef11db4d54a82c34b224; https://github.com/unimorph/swc/tree/02a2bdec0e5cb0dc93b6ef11db4d54a82c34b224; Wiktionary: https://en.wiktionary.org/wiki/lala"
"lala"	"sleep"	"V"	"mnalala"	"V;FIN;IND;PRES;2;PL"	"m-na-lal-a"	"UniMorph swc@02a2bdec0e5cb0dc93b6ef11db4d54a82c34b224; https://github.com/unimorph/swc/tree/02a2bdec0e5cb0dc93b6ef11db4d54a82c34b224; Wiktionary: https://en.wiktionary.org/wiki/lala"
"lala"	"sleep"	"V"	"nililala"	"V;FIN;IND;PST;1;SG"	"ni-li-lal-a"	"UniMorph swc@02a2bdec0e5cb0dc93b6ef11db4d54a82c34b224; https://github.com/unimorph/swc/tree/02a2bdec0e5cb0dc93b6ef11db4d54a82c34b224; Wiktionary: https://en.wiktionary.org/wiki/lala"
"lala"	"sleep"	"V"	"tunalala"	"V;FIN;IND;PRES;1;PL"	"tu-na-lal-a"	"UniMorph swc@02a2bdec0e5cb0dc93b6ef11db4d54a82c34b224; https://github.com/unimorph/swc/tree/02a2bdec0e5cb0dc93b6ef11db4d54a82c34b224; Wiktionary: https://en.wiktionary.org/wiki/lala"
"lala"	"sleep"	"V"	"ulilala"	"V;FIN;IND;PST;2;SG"	"u-li-lal-a"	"UniMorph swc@02a2bdec0e5cb0dc93b6ef11db4d54a82c34b224; https://github.com/unimorph/swc/tree/02a2bdec0e5cb0dc93b6ef11db4d54a82c34b224; Wiktionary: https://en.wiktionary.org/wiki/lala"
"lala"	"sleep"	"V"	"tulilala"	"V;FIN;IND;PST;1;PL"	"tu-li-lal-a"	"UniMorph swc@02a2bdec0e5cb0dc93b6ef11db4d54a82c34b224; https://github.com/unimorph/swc/tree/02a2bdec0e5cb0dc93b6ef11db4d54a82c34b224; Wiktionary: https://en.wiktionary.org/wiki/lala"
"lala"	"sleep"	"V"	"mtalala"	"V;FIN;IND;FUT;2;PL"	"m-ta-lal-a"	"UniMorph swc@02a2bdec0e5cb0dc93b6ef11db4d54a82c34b224; https://github.com/unimorph/swc/tree/02a2bdec0e5cb0dc93b6ef11db4d54a82c34b224; Wiktionary: https://en.wiktionary.org/wiki/lala"
"lala"	"sleep"	"V"	"tutalala"	"V;FIN;IND;FUT;1;PL"	"tu-ta-lal-a"	"UniMorph swc@02a2bdec0e5cb0dc93b6ef11db4d54a82c34b224; https://github.com/unimorph/swc/tree/02a2bdec0e5cb0dc93b6ef11db4d54a82c34b224; Wiktionary: https://en.wiktionary.org/wiki/lala"
"lala"	"sleep"	"V"	"unalala"	"V;FIN;IND;PRES;2;SG"	"u-na-lal-a"	"UniMorph swc@02a2bdec0e5cb0dc93b6ef11db4d54a82c34b224; https://github.com/unimorph/swc/tree/02a2bdec0e5cb0dc93b6ef11db4d54a82c34b224; Wiktionary: https://en.wiktionary.org/wiki/lala"
"lala"	"sleep"	"V"	"tumelala"	"V;FIN;IND;PST;PRF;1;PL"	"tu-me-lal-a"	"UniMorph swc@02a2bdec0e5cb0dc93b6ef11db4d54a82c34b224; https://github.com/unimorph/swc/tree/02a2bdec0e5cb0dc93b6ef11db4d54a82c34b224; Wiktionary: https://en.wiktionary.org/wiki/lala"
"lala"	"sleep"	"V"	"mmelala"	"V;FIN;IND;PST;PRF;2;PL"	"m-me-lal-a"	"UniMorph swc@02a2bdec0e5cb0dc93b6ef11db4d54a82c34b224; https://github.com/unimorph/swc/tree/02a2bdec0e5cb0dc93b6ef11db4d54a82c34b224; Wiktionary: https://en.wiktionary.org/wiki/lala"
"lala"	"sleep"	"V"	"nitalala"	"V;FIN;IND;FUT;1;SG"	"ni-ta-lal-a"	"UniMorph swc@02a2bdec0e5cb0dc93b6ef11db4d54a82c34b224; https://github.com/unimorph/swc/tree/02a2bdec0e5cb0dc93b6ef11db4d54a82c34b224; Wiktionary: https://en.wiktionary.org/wiki/lala"
"leta"	"bring"	"V"	"utaleta"	"V;FIN;IND;FUT;2;SG"	"u-ta-let-a"	"UniMorph swc@02a2bdec0e5cb0dc93b6ef11db4d54a82c34b224; https://github.com/unimorph/swc/tree/02a2bdec0e5cb0dc93b6ef11db4d54a82c34b224; Wiktionary: https://en.wiktionary.org/wiki/leta"
"leta"	"bring"	"V"	"mlileta"	"V;FIN;IND;PST;2;PL"	"m-li-let-a"	"UniMorph swc@02a2bdec0e5cb0dc93b6ef11db4d54a82c34b224; https://github.com/unimorph/swc/tree/02a2bdec0e5cb0dc93b6ef11db4d54a82c34b224; Wiktionary: https://en.wiktionary.org/wiki/leta"
"leta"	"bring"	"V"	"umeleta"	"V;FIN;IND;PST;PRF;2;SG"	"u-me-let-a"	"UniMorph swc@02a2bdec0e5cb0dc93b6ef11db4d54a82c34b224; https://github.com/unimorph/swc/tree/02a2bdec0e5cb0dc93b6ef11db4d54a82c34b224; Wiktionary: https://en.wiktionary.org/wiki/leta"
"leta"	"bring"	"V"	"ninaleta"	"V;FIN;IND;PRES;1;SG"	"ni-na-let-a"	"UniMorph swc@02a2bdec0e5cb0dc93b6ef11db4d54a82c34b224; https://github.com/unimorph/swc/tree/02a2bdec0e5cb0dc93b6ef11db4d54a82c34b224; Wiktionary: https://en.wiktionary.org/wiki/leta"
"leta"	"bring"	"V"	"nimeleta"	"V;FIN;IND;PST;PRF;1;SG"	"ni-me-let-a"	"UniMorph swc@02a2bdec0e5cb0dc93b6ef11db4d54a82c34b224; https://github.com/unimorph/swc/tree/02a2bdec0e5cb0dc93b6ef11db4d54a82c34b224; Wiktionary: https://en.wiktionary.org/wiki/leta"
"leta"	"bring"	"V"	"mnaleta"	"V;FIN;IND;PRES;2;PL"	"m-na-let-a"	"UniMorph swc@02a2bdec0e5cb0dc93b6ef11db4d54a82c34b224; https://github.com/unimorph/swc/tree/02a2bdec0e5cb0dc93b6ef11db4d54a82c34b224; Wiktionary: https://en.wiktionary.org/wiki/leta"
"leta"	"bring"	"V"	"nilileta"	"V;FIN;IND;PST;1;SG"	"ni-li-let-a"	"UniMorph swc@02a2bdec0e5cb0dc93b6ef11db4d54a82c34b224; https://github.com/unimorph/swc/tree/02a2bdec0e5cb0dc93b6ef11db4d54a82c34b224; Wiktionary: https://en.wiktionary.org/wiki/leta"
"leta"	"bring"	"V"	"tunaleta"	"V;FIN;IND;PRES;1;PL"	"tu-na-let-a"	"UniMorph swc@02a2bdec0e5cb0dc93b6ef11db4d54a82c34b224; https://github.com/unimorph/swc/tree/02a2bdec0e5cb0dc93b6ef11db4d54a82c34b224; Wiktionary: https://en.wiktionary.org/wiki/leta"
"leta"	"bring"	"V"	"ulileta"	"V;FIN;IND;PST;2;SG"	"u-li-let-a"	"UniMorph swc@02a2bdec0e5cb0dc93b6ef11db4d54a82c34b224; https://github.com/unimorph/swc/tree/02a2bdec0e5cb0dc93b6ef11db4d54a82c34b224; Wiktionary: https://en.wiktionary.org/wiki/leta"
"leta"	"bring"	"V"	"tulileta"	"V;FIN;IND;PST;1;PL"	"tu-li-let-a"	"UniMorph swc@02a2bdec0e5cb0dc93b6ef11db4d54a82c34b224; https://github.com/unimorph/swc/tree/02a2bdec0e5cb0dc93b6ef11db4d54a82c34b224; Wiktionary: https://en.wiktionary.org/wiki/leta"
"leta"	"bring"	"V"	"mtaleta"	"V;FIN;IND;FUT;2;PL"	"m-ta-let-a"	"UniMorph swc@02a2bdec0e5cb0dc93b6ef11db4d54a82c34b224; https://github.com/unimorph/swc/tree/02a2bdec0e5cb0dc93b6ef11db4d54a82c34b224; Wiktionary: https://en.wiktionary.org/wiki/leta"
"leta"	"bring"	"V"	"tutaleta"	"V;FIN;IND;FUT;1;PL"	"tu-ta-let-a"	"UniMorph swc@02a2bdec0e5cb0dc93b6ef11db4d54a82c34b224; https://github.com/unimorph/swc/tree/02a2bdec0e5cb0dc93b6ef11db4d54a82c34b224; Wiktionary: https://en.wiktionary.org/wiki/leta"
"leta"	"bring"	"V"	"unaleta"	"V;FIN;IND;PRES;2;SG"	"u-na-let-a"	"UniMorph swc@02a2bdec0e5cb0dc93b6ef11db4d54a82c34b224; https://github.com/unimorph/swc/tree/02a2bdec0e5cb0dc93b6ef11db4d54a82c34b224; Wiktionary: https://en.wiktionary.org/wiki/leta"
"leta"	"bring"	"V"	"tumeleta"	"V;FIN;IND;PST;PRF;1;PL"	"tu-me-let-a"	"UniMorph swc@02a2bdec0e5cb0dc93b6ef11db4d54a82c34b224; https://github.com/unimorph/swc/tree/02a2bdec0e5cb0dc93b6ef11db4d54a82c34b224; Wiktionary: https://en.wiktionary.org/wiki/leta"
"leta"	"bring"	"V"	"mmeleta"	"V;FIN;IND;PST;PRF;2;PL"	"m-me-let-a"	"UniMorph swc@02a2bdec0e5cb0dc93b6ef11db4d54a82c34b224; https://github.com/unimorph/swc/tree/02a2bdec0e5cb0dc93b6ef11db4d54a82c34b224; Wiktionary: https://en.wiktionary.org/wiki/leta"
"leta"	"bring"	"V"	"nitaleta"	"V;FIN;IND;FUT;1;SG"	"ni-ta-let-a"	"UniMorph swc@02a2bdec0e5cb0dc93b6ef11db4d54a82c34b224; https://github.com/unimorph/swc/tree/02a2bdec0e5cb0dc93b6ef11db4d54a82c34b224; Wiktionary: https://en.wiktionary.org/wiki/leta"
"lipa"	"pay"	"V"	"utalipa"	"V;FIN;IND;FUT;2;SG"	"u-ta-lip-a"	"UniMorph swc@02a2bdec0e5cb0dc93b6ef11db4d54a82c34b224; https://github.com/unimorph/swc/tree/02a2bdec0e5cb0dc93b6ef11db4d54a82c34b224; Wiktionary: https://en.wiktionary.org/wiki/lipa"
"lipa"	"pay"	"V"	"mlilipa"	"V;FIN;IND;PST;2;PL"	"m-li-lip-a"	"UniMorph swc@02a2bdec0e5cb0dc93b6ef11db4d54a82c34b224; https://github.com/unimorph/swc/tree/02a2bdec0e5cb0dc93b6ef11db4d54a82c34b224; Wiktionary: https://en.wiktionary.org/wiki/lipa"
"lipa"	"pay"	"V"	"umelipa"	"V;FIN;IND;PST;PRF;2;SG"	"u-me-lip-a"	"UniMorph swc@02a2bdec0e5cb0dc93b6ef11db4d54a82c34b224; https://github.com/unimorph/swc/tree/02a2bdec0e5cb0dc93b6ef11db4d54a82c34b224; Wiktionary: https://en.wiktionary.org/wiki/lipa"
"lipa"	"pay"	"V"	"ninalipa"	"V;FIN;IND;PRES;1;SG"	"ni-na-lip-a"	"UniMorph swc@02a2bdec0e5cb0dc93b6ef11db4d54a82c34b224; https://github.com/unimorph/swc/tree/02a2bdec0e5cb0dc93b6ef11db4d54a82c34b224; Wiktionary: https://en.wiktionary.org/wiki/lipa"
"lipa"	"pay"	"V"	"nimelipa"	"V;FIN;IND;PST;PRF;1;SG"	"ni-me-lip-a"	"UniMorph swc@02a2bdec0e5cb0dc93b6ef11db4d54a82c34b224; https://github.com/unimorph/swc/tree/02a2bdec0e5cb0dc93b6ef11db4d54a82c34b224; Wiktionary: https://en.wiktionary.org/wiki/lipa"
"lipa"	"pay"	"V"	"mnalipa"	"V;FIN;IND;PRES;2;PL"	"m-na-lip-a"	"UniMorph swc@02a2bdec0e5cb0dc93b6ef11db4d54a82c34b224; https://github.com/unimorph/swc/tree/02a2bdec0e5cb0dc93b6ef11db4d54a82c34b224; Wiktionary: https://en.wiktionary.org/wiki/lipa"
"lipa"	"pay"	"V"	"nililipa"	"V;FIN;IND;PST;1;SG"	"ni-li-lip-a"	"UniMorph swc@02a2bdec0e5cb0dc93b6ef11db4d54a82c34b224; https://github.com/unimorph/swc/tree/02a2bdec0e5cb0dc93b6ef11db4d54a82c34b224; Wiktionary: https://en.wiktionary.org/wiki/lipa"
"lipa"	"pay"	"V"	"tunalipa"	"V;FIN;IND;PRES;1;PL"	"tu-na-lip-a"	"UniMorph swc@02a2bdec0e5cb0dc93b6ef11db4d54a82c34b224; https://github.com/unimorph/swc/tree/02a2bdec0e5cb0dc93b6ef11db4d54a82c34b224; Wiktionary: https://en.wiktionary.org/wiki/lipa"
"lipa"	"pay"	"V"	"ulilipa"	"V;FIN;IND;PST;2;SG"	"u-li-lip-a"	"UniMorph swc@02a2bdec0e5cb0dc93b6ef11db4d54a82c34b224; https://github.com/unimorph/swc/tree/02a2bdec0e5cb0dc93b6ef11db4d54a82c34b224; Wiktionary: https://en.wiktionary.org/wiki/lipa"
"lipa"	"pay"	"V"	"tulilipa"	"V;FIN;IND;PST;1;PL"	"tu-li-lip-a"	"UniMorph swc@02a2bdec0e5cb0dc93b6ef11db4d54a82c34b224; https://github.com/unimorph/swc/tree/02a2bdec0e5cb0dc93b6ef11db4d54a82c34b224; Wiktionary: https://en.wiktionary.org/wiki/lipa"
"lipa"	"pay"	"V"	"mtalipa"	"V;FIN;IND;FUT;2;PL"	"m-ta-lip-a"	"UniMorph swc@02a2bdec0e5cb0dc93b6ef11db4d54a82c34b224; https://github.com/unimorph/swc/tree/02a2bdec0e5cb0dc93b6ef11db4d54a82c34b224; Wiktionary: https://en.wiktionary.org/wiki/lipa"
"lipa"	"pay"	"V"	"tutalipa"	"V;FIN;IND;FUT;1;PL"	"tu-ta-lip-a"	"UniMorph swc@02a2bdec0e5cb0dc93b6ef11db4d54a82c34b224; https://github.com/unimorph/swc/tree/02a2bdec0e5cb0dc93b6ef11db4d54a82c34b224; Wiktionary: https://en.wiktionary.org/wiki/lipa"
"lipa"	"pay"	"V"	"unalipa"	"V;FIN;IND;PRES;2;SG"	"u-na-lip-a"	"UniMorph swc@02a2bdec0e5cb0dc93b6ef11db4d54a82c34b224; https://github.com/unimorph/swc/tree/02a2bdec0e5cb0dc93b6ef11db4d54a82c34b224; Wiktionary: https://en.wiktionary.org/wiki/lipa"
"lipa"	"pay"	"V"	"tumelipa"	"V;FIN;IND;PST;PRF;1;PL"	"tu-me-lip-a"	"UniMorph swc@02a2bdec0e5cb0dc93b6ef11db4d54a82c34b224; https://github.com/unimorph/swc/tree/02a2bdec0e5cb0dc93b6ef11db4d54a82c34b224; Wiktionary: https://en.wiktionary.org/wiki/lipa"
"lipa"	"pay"	"V"	"mmelipa"	"V;FIN;IND;PST;PRF;2;PL"	"m-me-lip-a"	"UniMorph swc@02a2bdec0e5cb0dc93b6ef11db4d54a82c34b224; https://github.com/unimorph/swc/tree/02a2bdec0e5cb0dc93b6ef11db4d54a82c34b224; Wiktionary: https://en.wiktionary.org/wiki/lipa"
"lipa"	"pay"	"V"	"nitalipa"	"V;FIN;IND;FUT;1;SG"	"ni-ta-lip-a"	"UniMorph swc@02a2bdec0e5cb0dc93b6ef11db4d54a82c34b224; https://github.com/unimorph/swc/tree/02a2bdec0e5cb0dc93b6ef11db4d54a82c34b224; Wiktionary: https://en.wiktionary.org/wiki/lipa"
"nunua"	"buy"	"V"	"utanunua"	"V;FIN;IND;FUT;2;SG"	""	"UniMorph swc@02a2bdec0e5cb0dc93b6ef11db4d54a82c34b224; https://github.com/unimorph/swc/tree/02a2bdec0e5cb0dc93b6ef11db4d54a82c34b224; Wiktionary: https://en.wiktionary.org/wiki/nunua"
"nunua"	"buy"	"V"	"mlinunua"	"V;FIN;IND;PST;2;PL"	""	"UniMorph swc@02a2bdec0e5cb0dc93b6ef11db4d54a82c34b224; https://github.com/unimorph/swc/tree/02a2bdec0e5cb0dc93b6ef11db4d54a82c34b224; Wiktionary: https://en.wiktionary.org/wiki/nunua"
"nunua"	"buy"	"V"	"umenunua"	"V;FIN;IND;PST;PRF;2;SG"	""	"UniMorph swc@02a2bdec0e5cb0dc93b6ef11db4d54a82c34b224; https://github.com/unimorph/swc/tree/02a2bdec0e5cb0dc93b6ef11db4d54a82c34b224; Wiktionary: https://en.wiktionary.org/wiki/nunua"
"nunua"	"buy"	"V"	"ninanunua"	"V;FIN;IND;PRES;1;SG"	""	"UniMorph swc@02a2bdec0e5cb0dc93b6ef11db4d54a82c34b224; https://github.com/unimorph/swc/tree/02a2bdec0e5cb0dc93b6ef11db4d54a82c34b224; Wiktionary: https://en.wiktionary.org/wiki/nunua"
"nunua"	"buy"	"V"	"nimenunua"	"V;FIN;IND;PST;PRF;1;SG"	""	"UniMorph swc@02a2bdec0e5cb0dc93b6ef11db4d54a82c34b224; https://github.com/unimorph/swc/tree/02a2bdec0e5cb0dc93b6ef11db4d54a82c34b224; Wiktionary: https://en.wiktionary.org/wiki/nunua"
"nunua"	"buy"	"V"	"mnanunua"	"V;FIN;IND;PRES;2;PL"	""	"UniMorph swc@02a2bdec0e5cb0dc93b6ef11db4d54a82c34b224; https://github.com/unimorph/swc/tree/02a2bdec0e5cb0dc93b6ef11db4d54a82c34b224; Wiktionary: https://en.wiktionary.org/wiki/nunua"
"nunua"	"buy"	"V"	"nilinunua"	"V;FIN;IND;PST;1;SG"	""	"UniMorph swc@02a2bdec0e5cb0dc93b6ef11db4d54a82c34b224; https://github.com/unimorph/swc/tree/02a2bdec0e5cb0dc93b6ef11db4d54a82c34b224; Wiktionary: https://en.wiktionary.org/wiki/nunua"
"nunua"	"buy"	"V"	"tunanunua"	"V;FIN;IND;PRES;1;PL"	""	"UniMorph swc@02a2bdec0e5cb0dc93b6ef11db4d54a82c34b224; https://github.com/unimorph/swc/tree/02a2bdec0e5cb0dc93b6ef11db4d54a82c34b224; Wiktionary: https://en.wiktionary.org/wiki/nunua"
"nunua"	"buy"	"V"	"ulinunua"	"V;FIN;IND;PST;2;SG"	""	"UniMorph swc@02a2bdec0e5cb0dc93b6ef11db4d54a82c34b224; https://github.com/unimorph/swc/tree/02a2bdec0e5cb0dc93b6ef11db4d54a82c34b224; Wiktionary: https://en.wiktionary.org/wiki/nunua"
"nunua"	"buy"	"V"	"tulinunua"	"V;FIN;IND;PST;1;PL"	""	"UniMorph swc@02a2bdec0e5cb0dc93b6ef11db4d54a82c34b224; https://github.com/unimorph/swc/tree/02a2bdec0e5cb0dc93b6ef11db4d54a82c34b224; Wiktionary: https://en.wiktionary.org/wiki/nunua"
"nunua"	"buy"	"V"	"mtanunua"	"V;FIN;IND;FUT;2;PL"	""	"UniMorph swc@02a2bdec0e5cb0dc93b6ef11db4d54a82c34b224; https://github.com/unimorph/swc/tree/02a2bdec0e5cb0dc93b6ef11db4d54a82c34b224; Wiktionary: https://en.wiktionary.org/wiki/nunua"
"nunua"	"buy"	"V"	"tutanunua"	"V;FIN;IND;FUT;1;PL"	""	"UniMorph swc@02a2bdec0e5cb0dc93b6ef11db4d54a82c34b224; https://github.com/unimorph/swc/tree/02a2bdec0e5cb0dc93b6ef11db4d54a82c34b224; Wiktionary: https://en.wiktionary.org/wiki/nunua"
"nunua"	"buy"	"V"	"unanunua"	"V;FIN;IND;PRES;2;SG"	""	"UniMorph swc@02a2bdec0e5cb0dc93b6ef11db4d54a82c34b224; https://github.com/unimorph/swc/tree/02a2bdec0e5cb0dc93b6ef11db4d54a82c34b224; Wiktionary: https://en.wiktionary.org/wiki/nunua"
"nunua"	"buy"	"V"	"tumenunua"	"V;FIN;IND;PST;PRF;1;PL"	""	"UniMorph swc@02a2bdec0e5cb0dc93b6ef11db4d54a82c34b224; https://github.com/unimorph/swc/tree/02a2bdec0e5cb0dc93b6ef11db4d54a82c34b224; Wiktionary: https://en.wiktionary.org/wiki/nunua"
"nunua"	"buy"	"V"	"mmenunua"	"V;FIN;IND;PST;PRF;2;PL"	""	"UniMorph swc@02a2bdec0e5cb0dc93b6ef11db4d54a82c34b224; https://github.com/unimorph/swc/tree/02a2bdec0e5cb0dc93b6ef11db4d54a82c34b224; Wiktionary: https://en.wiktionary.org/wiki/nunua"
"nunua"	"buy"	"V"	"nitanunua"	"V;FIN;IND;FUT;1;SG"	""	"UniMorph swc@02a2bdec0e5cb0dc93b6ef11db4d54a82c34b224; https://github.com/unimorph/swc/tree/02a2bdec0e5cb0dc93b6ef11db4d54a82c34b224; Wiktionary: https://en.wiktionary.org/wiki/nunua"
"ona"	"see"	"V"	"utaona"	"V;FIN;IND;FUT;2;SG"	"u-ta-on-a"	"UniMorph swc@02a2bdec0e5cb0dc93b6ef11db4d54a82c34b224; https://github.com/unimorph/swc/tree/02a2bdec0e5cb0dc93b6ef11db4d54a82c34b224; Wiktionary: https://en.wiktionary.org/wiki/ona"
"ona"	"see"	"V"	"mliona"	"V;FIN;IND;PST;2;PL"	"m-li-on-a"	"UniMorph swc@02a2bdec0e5cb0dc93b6ef11db4d54a82c34b224; https://github.com/unimorph/swc/tree/02a2bdec0e5cb0dc93b6ef11db4d54a82c34b224; Wiktionary: https://en.wiktionary.org/wiki/ona"
"ona"	"see"	"V"	"umeona"	"V;FIN;IND;PST;PRF;2;SG"	"u-me-on-a"	"UniMorph swc@02a2bdec0e5cb0dc93b6ef11db4d54a82c34b224; https://github.com/unimorph/swc/tree/02a2bdec0e5cb0dc93b6ef11db4d54a82c34b224; Wiktionary: https://en.wiktionary.org/wiki/ona"
"ona"	"see"	"V"	"ninaona"	"V;FIN;IND;PRES;1;SG"	"ni-na-on-a"	"UniMorph swc@02a2bdec0e5cb0dc93b6ef11db4d54a82c34b224; https://github.com/unimorph/swc/tree/02a2bdec0e5cb0dc93b6ef11db4d54a82c34b224; Wiktionary: https://en.wiktionary.org/wiki/ona"
"ona"	"see"	"V"	"nimeona"	"V;FIN;IND;PST;PRF;1;SG"	"ni-me-on-a"	"UniMorph swc@02a2bdec0e5cb0dc93b6ef11db4d54a82c34b224; https://github.com/unimorph/swc/tree/02a2bdec0e5cb0dc93b6ef11db4d54a82c34b224; Wiktionary: https://en.wiktionary.org/wiki/ona"
"ona"	"see"	"V"	"mnaona"	"V;FIN;IND;PRES;2;PL"	"m-na-on-a"	"UniMorph swc@02a2bdec0e5cb0dc93b6ef11db4d54a82c34b224; https://github.com/unimorph/swc/tree/02a2bdec0e5cb0dc93b6ef11db4d54a82c34b224; Wiktionary: https://en.wiktionary.org/wiki/ona"
"ona"	"see"	"V"	"niliona"	"V;FIN;IND;PST;1;SG"	"ni-li-on-a"	"UniMorph swc@02a2bdec0e5cb0dc93b6ef11db4d54a82c34b224; https://github.com/unimorph/swc/tree/02a2bdec0e5cb0dc93b6ef11db4d54a82c34b224; Wiktionary: https://en.wiktionary.org/wiki/ona"
"ona"	"see"	"V"	"tunaona"	"V;FIN;IND;PRES;1;PL"	"tu-na-on-a"	"UniMorph swc@02a2bdec0e5cb0dc93b6ef11db4d54a82c34b224; https://github.com/unimorph/swc/tree/02a2bdec0e5cb0dc93b6ef11db4d54a82c34b224; Wiktionary: https://en.wiktionary.org/wiki/ona"
"ona"	"see"	"V"	"uliona"	"V;FIN;IND;PST;2;SG"	"u-li-on-a"	"UniMorph swc@02a2bdec0e5cb0dc93b6ef11db4d54a82c34b224; https://github.com/unimorph/swc/tree/02a2bdec0e5cb0dc93b6ef11db4d54a82c34b224; Wiktionary: https://en.wiktionary.org/wiki/ona"
"ona"	"see"	"V"	"tuliona"	"V;FIN;IND;PST;1;PL"	"tu-li-on-a"	"UniMorph swc@02a2bdec0e5cb0dc93b6ef11db4d54a82c34b224; https://github.com/unimorph/swc/tree/02a2bdec0e5cb0dc93b6ef11db4d54a82c34b224; Wiktionary: https://en.wiktionary.org/wiki/ona"
"ona"	"see"	"V"	"mtaona"	"V;FIN;IND;FUT;2;PL"	"m-ta-on-a"	"UniMorph swc@02a2bdec0e5cb0dc93b6ef11db4d54a82c34b224; https://github.com/unimorph/swc/tree/02a2bdec0e5cb0dc93b6ef11db4d54a82c34b224; Wiktionary: https://en.wiktionary.org/wiki/ona"
"ona"	"see"	"V"	"tutaona"	"V;FIN;IND;FUT;1;PL"	"tu-ta-on-a"	"UniMorph swc@02a2bdec0e5cb0dc93b6ef11db4d54a82c34b224; https://github.com/unimorph/swc/tree/02a2bdec0e5cb0dc93b6ef11db4d54a82c34b224; Wiktionary: https://en.wiktionary.org/wiki/ona"
"ona"	"see"	"V"	"unaona"	"V;FIN;IND;PRES;2;SG"	"u-na-on-a"	"UniMorph swc@02a2bdec0e5cb0dc93b6ef11db4d54a82c34b224; https://github.com/unimorph/swc/tree/02a2bdec0e5cb0dc93b6ef11db4d54a82c34b224; Wiktionary: https://en.wiktionary.org/wiki/ona"
"ona"	"see"	"V"	"tumeona"	"V;FIN;IND;PST;PRF;1;PL"	"tu-me-on-a"	"UniMorph swc@02a2bdec0e5cb0dc93b6ef11db4d54a82c34b224; https://github.com/unimorph/swc/tree/02a2bdec0e5cb0dc93b6ef11db4d54a82c34b224; Wiktionary: https://en.wiktionary.org/wiki/ona"
"ona"	"see"	"V"	"mmeona"	"V;FIN;IND;PST;PRF;2;PL"	"m-me-on-a"	"UniMorph swc@02a2bdec0e5cb0dc93b6ef11db4d54a82c34b224; https://github.com/unimorph/swc/tree/02a2bdec0e5cb0dc93b6ef11db4d54a82c34b224; Wiktionary: https://en.wiktionary.org/wiki/ona"
"ona"	"see"	"V"	"nitaona"	"V;FIN;IND;FUT;1;SG"	"ni-ta-on-a"	"UniMorph swc@02a2bdec0e5cb0dc93b6ef11db4d54a82c34b224; https://github.com/unimorph/swc/tree/02a2bdec0e5cb0dc93b6ef11db4d54a82c34b224; Wiktionary: https://en.wiktionary.org/wiki/ona"
"penda"	"like; love"	"V"	"utapenda"	"V;FIN;IND;FUT;2;SG"	"u-ta-pend-a"	"UniMorph swc@02a2bdec0e5cb0dc93b6ef11db4d54a82c34b224; https://github.com/unimorph/swc/tree/02a2bdec0e5cb0dc93b6ef11db4d54a82c34b224; Wiktionary: https://en.wiktionary.org/wiki/penda"
"penda"	"like; love"	"V"	"mlipenda"	"V;FIN;IND;PST;2;PL"	"m-li-pend-a"	"UniMorph swc@02a2bdec0e5cb0dc93b6ef11db4d54a82c34b224; https://github.com/unimorph/swc/tree/02a2bdec0e5cb0dc93b6ef11db4d54a82c34b224; Wiktionary: https://en.wiktionary.org/wiki/penda"
"penda"	"like; love"	"V"	"umependa"	"V;FIN;IND;PST;PRF;2;SG"	"u-me-pend-a"	"UniMorph swc@02a2bdec0e5cb0dc93b6ef11db4d54a82c34b224; https://github.com/unimorph/swc/tree/02a2bdec0e5cb0dc93b6ef11db4d54a82c34b224; Wiktionary: https://en.wiktionary.org/wiki/penda"
"penda"	"like; love"	"V"	"ninapenda"	"V;FIN;IND;PRES;1;SG"	"ni-na-pend-a"	"UniMorph swc@02a2bdec0e5cb0dc93b6ef11db4d54a82c34b224; https://github.com/unimorph/swc/tree/02a2bdec0e5cb0dc93b6ef11db4d54a82c34b224; Wiktionary: https://en.wiktionary.org/wiki/penda"
"penda"	"like; love"	"V"	"nimependa"	"V;FIN;IND;PST;PRF;1;SG"	"ni-me-pend-a"	"UniMorph swc@02a2bdec0e5cb0dc93b6ef11db4d54a82c34b224; https://github.com/unimorph/swc/tree/02a2bdec0e5cb0dc93b6ef11db4d54a82c34b224; Wiktionary: https://en.wiktionary.org/wiki/penda"
"penda"	"like; love"	"V"	"mnapenda"	"V;FIN;IND;PRES;2;PL"	"m-na-pend-a"	"UniMorph swc@02a2bdec0e5cb0dc93b6ef11db4d54a82c34b224; https://github.com/unimorph/swc/tree/02a2bdec0e5cb0dc93b6ef11db4d54a82c34b224; Wiktionary: https://en.wiktionary.org/wiki/penda"
"penda"	"like; love"	"V"	"nilipenda"	"V;FIN;IND;PST;1;SG"	"ni-li-pend-a"	"UniMorph swc@02a2bdec0e5cb0dc93b6ef11db4d54a82c34b224; https://github.com/unimorph/swc/tree/02a2bdec0e5cb0dc93b6ef11db4d54a82c34b224; Wiktionary: https://en.wiktionary.org/wiki/penda"
"penda"	"like; love"	"V"	"tunapenda"	"V;FIN;IND;PRES;1;PL"	"tu-na-pend-a"	"UniMorph swc@02a2bdec0e5cb0dc93b6ef11db4d54a82c34b224; https://github.com/unimorph/swc/tree/02a2bdec0e5cb0dc93b6ef11db4d54a82c34b224; Wiktionary: https://en.wiktionary.org/wiki/penda"
"penda"	"like; love"	"V"	"ulipenda"	"V;FIN;IND;PST;2;SG"	"u-li-pend-a"	"UniMorph swc@02a2bdec0e5cb0dc93b6ef11db4d54a82c34b224; https://github.com/unimorph/swc/tree/02a2bdec0e5cb0dc93b6ef11db4d54a82c34b224; Wiktionary: https://en.wiktionary.org/wiki/penda"
"penda"	"like; love"	"V"	"tulipenda"	"V;FIN;IND;PST;1;PL"	"tu-li-pend-a"	"UniMorph swc@02a2bdec0e5cb0dc93b6ef11db4d54a82c34b224; https://github.com/unimorph/swc/tree/02a2bdec0e5cb0dc93b6ef11db4d54a82c34b224; Wiktionary: https://en.wiktionary.org/wiki/penda"
"penda"	"like; love"	"V"	"mtapenda"	"V;FIN;IND;FUT;2;PL"	"m-ta-pend-a"	"UniMorph swc@02a2bdec0e5cb0dc93b6ef11db4d54a82c34b224; https://github.com/unimorph/swc/tree/02a2bdec0e5cb0dc93b6ef11db4d54a82c34b224; Wiktionary: https://en.wiktionary.org/wiki/penda"
"penda"	"like; love"	"V"	"tutapenda"	"V;FIN;IND;FUT;1;PL"	"tu-ta-pend-a"	"UniMorph swc@02a2bdec0e5cb0dc93b6ef11db4d54a82c34b224; https://github.com/unimorph/swc/tree/02a2bdec0e5cb0dc93b6ef11db4d54a82c34b224; Wiktionary: https://en.wiktionary.org/wiki/penda"
"penda"	"like; love"	"V"	"unapenda"	"V;FIN;IND;PRES;2;SG"	"u-na-pend-a"	"UniMorph swc@02a2bdec0e5cb0dc93b6ef11db4d54a82c34b224; https://github.com/unimorph/swc/tree/02a2bdec0e5cb0dc93b6ef11db4d54a82c34b224; Wiktionary: https://en.wiktionary.org/wiki/penda"
"penda"	"like; love"	"V"	"tumependa"	"V;FIN;IND;PST;PRF;1;PL"	"tu-me-pend-a"	"UniMorph swc@02a2bdec0e5cb0dc93b6ef11db4d54a82c34b224; https://github.com/unimorph/swc/tree/02a2bdec0e5cb0dc93b6ef11db4d54a82c34b224; Wiktionary: https://en.wiktionary.org/wiki/penda"
"penda"	"like; love"	"V"	"mmependa"	"V;FIN;IND;PST;PRF;2;PL"	"m-me-pend-a"	"UniMorph swc@02a2bdec0e5cb0dc93b6ef11db4d54a82c34b224; https://github.com/unimorph/swc/tree/02a2bdec0e5cb0dc93b6ef11db4d54a82c34b224; Wiktionary: https://en.wiktionary.org/wiki/penda"
"penda"	"like; love"	"V"	"nitapenda"	"V;FIN;IND;FUT;1;SG"	"ni-ta-pend-a"	"UniMorph swc@02a2bdec0e5cb0dc93b6ef11db4d54a82c34b224; https://github.com/unimorph/swc/tree/02a2bdec0e5cb0dc93b6ef11db4d54a82c34b224; Wiktionary: https://en.wiktionary.org/wiki/penda"
"piga"	"hit; strike; play (an instrument)"	"V"	"utapiga"	"V;FIN;IND;FUT;2;SG"	"u-ta-pig-a"	"UniMorph swc@02a2bdec0e5cb0dc93b6ef11db4d54a82c34b224; https://github.com/unimorph/swc/tree/02a2bdec0e5cb0dc93b6ef11db4d54a82c34b224; Wiktionary: https://en.wiktionary.org/wiki/piga"
"piga"	"hit; strike; play (an instrument)"	"V"	"mlipiga"	"V;FIN;IND;PST;2;PL"	"m-li-pig-a"	"UniMorph swc@02a2bdec0e5cb0dc93b6ef11db4d54a82c34b224; https://github.com/unimorph/swc/tree/02a2bdec0e5cb0dc93b6ef11db4d54a82c34b224; Wiktionary: https://en.wiktionary.org/wiki/piga"
"piga"	"hit; strike; play (an instrument)"	"V"	"umepiga"	"V;FIN;IND;PST;PRF;2;SG"	"u-me-pig-a"	"UniMorph swc@02a2bdec0e5cb0dc93b6ef11db4d54a82c34b224; https://github.com/unimorph/swc/tree/02a2bdec0e5cb0dc93b6ef11db4d54a82c34b224; Wiktionary: https://en.wiktionary.org/wiki/piga"
"piga"	"hit; strike; play (an instrument)"	"V"	"ninapiga"	"V;FIN;IND;PRES;1;SG"	"ni-na-pig-a"	"UniMorph swc@02a2bdec0e5cb0dc93b6ef11db4d54a82c34b224; https://github.com/unimorph/swc/tree/02a2bdec0e5cb0dc93b6ef11db4d54a82c34b224; Wiktionary: https://en.wiktionary.org/wiki/piga"
"piga"	"hit; strike; play (an instrument)"	"V"	"nimepiga"	"V;FIN;IND;PST;PRF;1;SG"	"ni-me-pig-a"	"UniMorph swc@02a2bdec0e5cb0dc93b6ef11db4d54a82c34b224; https://github.com/unimorph/swc/tree/02a2bdec0e5cb0dc93b6ef11db4d54a82c34b224; Wiktionary: https://en.wiktionary.org/wiki/piga"
"piga"	"hit; strike; play (an instrument)"	"V"	"mnapiga"	"V;FIN;IND;PRES;2;PL"	"m-na-pig-a"	"UniMorph swc@02a2bdec0e5cb0dc93b6ef11db4d54a82c34b224; https://github.com/unimorph/swc/tree/02a2bdec0e5cb0dc93b6ef11db4d54a82c34b224; Wiktionary: https://en.wiktionary.org/wiki/piga"
"piga"	"hit; strike; play (an instrument)"	"V"	"nilipiga"	"V;FIN;IND;PST;1;SG"	"ni-li-pig-a"	"UniMorph swc@02a2bdec0e5cb0dc93b6ef11db4d54a82c34b224; https://github.com/unimorph/swc/tree/02a2bdec0e5cb0dc93b6ef11db4d54a82c34b224; Wiktionary: https://en.wiktionary.org/wiki/piga"
"piga"	"hit; strike; play (an instrument)"	"V"	"tunapiga"	"V;FIN;IND;PRES;1;PL"	"tu-na-pig-a"	"UniMorph swc@02a2bdec0e5cb0dc93b6ef11db4d54a82c34b224; https://github.com/unimorph/swc/tree/02a2bdec0e5cb0dc93b6ef11db4d54a82c34b224; Wiktionary: https://en.wiktionary.org/wiki/piga"
"piga"	"hit; strike; play (an instrument)"	"V"	"ulipiga"	"V;FIN;IND;PST;2;SG"	"u-li-pig-a"	"UniMorph swc@02a2bdec0e5cb0dc93b6ef11db4d54a82c34b224; https://github.com/unimorph/swc/tree/02a2bdec0e5cb0dc93b6ef11db4d54a82c34b224; Wiktionary: https://en.wiktionary.org/wiki/piga"
"piga"	"hit; strike; play (an instrument)"	"V"	"tulipiga"	"V;FIN;IND;PST;1;PL"	"tu-li-pig-a"	"UniMorph swc@02a2bdec0e5cb0dc93b6ef11db4d54a82c34b224; https://github.com/unimorph/swc/tree/02a2bdec0e5cb0dc93b6ef11db4d54a82c34b224; Wiktionary: https://en.wiktionary.org/wiki/piga"
"piga"	"hit; strike; play (an instrument)"	"V"	"mtapiga"	"V;FIN;IND;FUT;2;PL"	"m-ta-pig-a"	"UniMorph swc@02a2bdec0e5cb0dc93b6ef11db4d54a82c34b224; https://github.com/unimorph/swc/tree/02a2bdec0e5cb0dc93b6ef11db4d54a82c34b224; Wiktionary: https://en.wiktionary.org/wiki/piga"
"piga"	"hit; strike; play (an instrument)"	"V"	"tutapiga"	"V;FIN;IND;FUT;1;PL"	"tu-ta-pig-a"	"UniMorph swc@02a2bdec0e5cb0dc93b6ef11db4d54a82c34b224; https://github.com/unimorph/swc/tree/02a2bdec0e5cb0dc93b6ef11db4d54a82c34b224; Wiktionary: https://en.wiktionary.org/wiki/piga"
"piga"	"hit; strike; play (an instrument)"	"V"	"unapiga"	"V;FIN;IND;PRES;2;SG"	"u-na-pig-a"	"UniMorph swc@02a2bdec0e5cb0dc93b6ef11db4d54a82c34b224; https://github.com/unimorph/swc/tree/02a2bdec0e5cb0dc93b6ef11db4d54a82c34b224; Wiktionary: https://en.wiktionary.org/wiki/piga"
"piga"	"hit; strike; play (an instrument)"	"V"	"tumepiga"	"V;FIN;IND;PST;PRF;1;PL"	"tu-me-pig-a"	"UniMorph swc@02a2bdec0e5cb0dc93b6ef11db4d54a82c34b224; https://github.com/unimorph/swc/tree/02a2bdec0e5cb0dc93b6ef11db4d54a82c34b224; Wiktionary: https://en.wiktionary.org/wiki/piga"
"piga"	"hit; strike; play (an instrument)"	"V"	"mmepiga"	"V;FIN;IND;PST;PRF;2;PL"	"m-me-pig-a"	"UniMorph swc@02a2bdec0e5cb0dc93b6ef11db4d54a82c34b224; https://github.com/unimorph/swc/tree/02a2bdec0e5cb0dc93b6ef11db4d54a82c34b224; Wiktionary: https://en.wiktionary.org/wiki/piga"
"piga"	"hit; strike; play (an instrument)"	"V"	"nitapiga"	"V;FIN;IND;FUT;1;SG"	"ni-ta-pig-a"	"UniMorph swc@02a2bdec0e5cb0dc93b6ef11db4d54a82c34b224; https://github.com/unimorph/swc/tree/02a2bdec0e5cb0dc93b6ef11db4d54a82c34b224; Wiktionary: https://en.wiktionary.org/wiki/piga"
"andika"	"write"	"V"	"utaandika"	"V;FIN;IND;FUT;2;SG"	"u-ta-andik-a"	"UniMorph swc@02a2bdec0e5cb0dc93b6ef11db4d54a82c34b224; https://github.com/unimorph/swc/tree/02a2bdec0e5cb0dc93b6ef11db4d54a82c34b224; Wiktionary: https://en.wiktionary.org/wiki/andika"
"andika"	"write"	"V"	"mliandika"	"V;FIN;IND;PST;2;PL"	"m-li-andik-a"	"UniMorph swc@02a2bdec0e5cb0dc93b6ef11db4d54a82c34b224; https://github.com/unimorph/swc/tree/02a2bdec0e5cb0dc93b6ef11db4d54a82c34b224; Wiktionary: https://en.wiktionary.org/wiki/andika"
"andika"	"write"	"V"	"umeandika"	"V;FIN;IND;PST;PRF;2;SG"	"u-me-andik-a"	"UniMorph swc@02a2bdec0e5cb0dc93b6ef11db4d54a82c34b224; https://github.com/unimorph/swc/tree/02a2bdec0e5cb0dc93b6ef11db4d54a82c34b224; Wiktionary: https://en.wiktionary.org/wiki/andika"
"andika"	"write"	"V"	"ninaandika"	"V;FIN;IND;PRES;1;SG"	"ni-na-andik-a"	"UniMorph swc@02a2bdec0e5cb0dc93b6ef11db4d54a82c34b224; https://github.com/unimorph/swc/tree/02a2bdec0e5cb0dc93b6ef11db4d54a82c34b224; Wiktionary: https://en.wiktionary.org/wiki/andika"
"andika"	"write"	"V"	"nimeandika"	"V;FIN;IND;PST;PRF;1;SG"	"ni-me-andik-a"	"UniMorph swc@02a2bdec0e5cb0dc93b6ef11db4d54a82c34b224; https://github.com/unimorph/swc/tree/02a2bdec0e5cb0dc93b6ef11db4d54a82c34b224; Wiktionary: https://en.wiktionary.org/wiki/andika"
"andika"	"write"	"V"	"mnaandika"	"V;FIN;IND;PRES;2;PL"	"m-na-andik-a"	"UniMorph swc@02a2bdec0e5cb0dc93b6ef11db4d54a82c34b224; https://github.com/unimorph/swc/tree/02a2bdec0e5cb0dc93b6ef11db4d54a82c34b224; Wiktionary: https://en.wiktionary.org/wiki/andika"
"andika"	"write"	"V"	"niliandika"	"V;FIN;IND;PST;1;SG"	"ni-li-andik-a"	"UniMorph swc@02a2bdec0e5cb0dc93b6ef11db4d54a82c34b224; https://github.com/unimorph/swc/tree/02a2bdec0e5cb0dc93b6ef11db4d54a82c34b224; Wiktionary: https://en.wiktionary.org/wiki/andika"
"andika"	"write"	"V"	"tunaandika"	"V;FIN;IND;PRES;1;PL"	"tu-na-andik-a"	"UniMorph swc@02a2bdec0e5cb0dc93b6ef11db4d54a82c34b224; https://github.com/unimorph/swc/tree/02a2bdec0e5cb0dc93b6ef11db4d54a82c34b224; Wiktionary: https://en.wiktionary.org/wiki/andika"
"andika"	"write"	"V"	"uliandika"	"V;FIN;IND;PST;2;SG"	"u-li-andik-a"	"UniMorph swc@02a2bdec0e5cb0dc93b6ef11db4d54a82c34b224; https://github.com/unimorph/swc/tree/02a2bdec0e5cb0dc93b6ef11db4d54a82c34b224; Wiktionary: https://en.wiktionary.org/wiki/andika"
"andika"	"write"	"V"	"tuliandika"	"V;FIN;IND;PST;1;PL"	"tu-li-andik-a"	"UniMorph swc@02a2bdec0e5cb0dc93b6ef11db4d54a82c34b224; https://github.com/unimorph/swc/tree/02a2bdec0e5cb0dc93b6ef11db4d54a82c34b224; Wiktionary: https://en.wiktionary.org/wiki/andika"
"andika"	"write"	"V"	"mtaandika"	"V;FIN;IND;FUT;2;PL"	"m-ta-andik-a"	"UniMorph swc@02a2bdec0e5cb0dc93b6ef11db4d54a82c34b224; https://github.com/unimorph/swc/tree/02a2bdec0e5cb0dc93b6ef11db4d54a82c34b224; Wiktionary: https://en.wiktionary.org/wiki/andika"
"andika"	"write"	"V"	"tutaandika"	"V;FIN;IND;FUT;1;PL"	"tu-ta-andik-a"	"UniMorph swc@02a2bdec0e5cb0dc93b6ef11db4d54a82c34b224; https://github.com/unimorph/swc/tree/02a2bdec0e5cb0dc93b6ef11db4d54a82c34b224; Wiktionary: https://en.wiktionary.org/wiki/andika"
"andika"	"write"	"V"	"unaandika"	"V;FIN;IND;PRES;2;SG"	"u-na-andik-a"	"UniMorph swc@02a2bdec0e5cb0dc93b6ef11db4d54a82c34b224; https://github.com/unimorph/swc/tree/02a2bdec0e5cb0dc93b6ef11db4d54a82c34b224; Wiktionary: https://en.wiktionary.org/wiki/andika"
"andika"	"write"	"V"	"tumeandika"	"V;FIN;IND;PST;PRF;1;PL"	"tu-me-andik-a"	"UniMorph swc@02a2bdec0e5cb0dc93b6ef11db4d54a82c34b224; https://github.com/unimorph/swc/tree/02a2bdec0e5cb0dc93b6ef11db4d54a82c34b224; Wiktionary: https://en.wiktionary.org/wiki/andika"
"andika"	"write"	"V"	"mmeandika"	"V;FIN;IND;PST;PRF;2;PL"	"m-me-andik-a"	"UniMorph swc@02a2bdec0e5cb0dc93b6ef11db4d54a82c34b224; https://github.com/unimorph/swc/tree/02a2bdec0e5cb0dc93b6ef11db4d54a82c34b224; Wiktionary: https://en.wiktionary.org/wiki/andika"
"andika"	"write"	"V"	"nitaandika"	"V;FIN;IND;FUT;1;SG"	"ni-ta-andik-a"	"UniMorph swc@02a2bdec0e5cb0dc93b6ef11db4d54a82c34b224; https://github.com/unimorph/swc/tree/02a2bdec0e5cb0dc93b6ef11db4d54a82c34b224; Wiktionary: https://en.wiktionary.org/wiki/andika"
"soma"	"read; study"	"V"	"utasoma"	"V;FIN;IND;FUT;2;SG"	"u-ta-som-a"	"UniMorph swc@02a2bdec0e5cb0dc93b6ef11db4d54a82c34b224; https://github.com/unimorph/swc/tree/02a2bdec0e5cb0dc93b6ef11db4d54a82c34b224; Wiktionary: https://en.wiktionary.org/wiki/soma"
"soma"	"read; study"	"V"	"mlisoma"	"V;FIN;IND;PST;2;PL"	"m-li-som-a"	"UniMorph swc@02a2bdec0e5cb0dc93b6ef11db4d54a82c34b224; https://github.com/unimorph/swc/tree/02a2bdec0e5cb0dc93b6ef11db4d54a82c34b224; Wiktionary: https://en.wiktionary.org/wiki/soma"
"soma"	"read; study"	"V"	"umesoma"	"V;FIN;IND;PST;PRF;2;SG"	"u-me-som-a"	"UniMorph swc@02a2bdec0e5cb0dc93b6ef11db4d54a82c34b224; https://github.com/unimorph/swc/tree/02a2bdec0e5cb0dc93b6ef11db4d54a82c34b224; Wiktionary: https://en.wiktionary.org/wiki/soma"
"soma"	"read; study"	"V"	"ninasoma"	"V;FIN;IND;PRES;1;SG"	"ni-na-som-a"	"UniMorph swc@02a2bdec0e5cb0dc93b6ef11db4d54a82c34b224; https://github.com/unimorph/swc/tree/02a2bdec0e5cb0dc93b6ef11db4d54a82c34b224; Wiktionary: https://en.wiktionary.org/wiki/soma"
"soma"	"read; study"	"V"	"nimesoma"	"V;FIN;IND;PST;PRF;1;SG"	"ni-me-som-a"	"UniMorph swc@02a2bdec0e5cb0dc93b6ef11db4d54a82c34b224; https://github.com/unimorph/swc/tree/02a2bdec0e5cb0dc93b6ef11db4d54a82c34b224; Wiktionary: https://en.wiktionary.org/wiki/soma"
"soma"	"read; study"	"V"	"mnasoma"	"V;FIN;IND;PRES;2;PL"	"m-na-som-a"	"UniMorph swc@02a2bdec0e5cb0dc93b6ef11db4d54a82c34b224; https://github.com/unimorph/swc/tree/02a2bdec0e5cb0dc93b6ef11db4d54a82c34b224; Wiktionary: https://en.wiktionary.org/wiki/soma"
"soma"	"read; study"	"V"	"nilisoma"	"V;FIN;IND;PST;1;SG"	"ni-li-som-a"	"UniMorph swc@02a2bdec0e5cb0dc93b6ef11db4d54a82c34b224; https://github.com/unimorph/swc/tree/02a2bdec0e5cb0dc93b6ef11db4d54a82c34b224; Wiktionary: https://en.wiktionary.org/wiki/soma"
"soma"	"read; study"	"V"	"tunasoma"	"V;FIN;IND;PRES;1;PL"	"tu-na-som-a"	"UniMorph swc@02a2bdec0e5cb0dc93b6ef11db4d54a82c34b224; https://github.com/unimorph/swc/tree/02a2bdec0e5cb0dc93b6ef11db4d54a82c34b224; Wiktionary: https://en.wiktionary.org/wiki/soma"
"soma"	"read; study"	"V"	"ulisoma"	"V;FIN;IND;PST;2;SG"	"u-li-som-a"	"UniMorph swc@02a2bdec0e5cb0dc93b6ef11db4d54a82c34b224; https://github.com/unimorph/swc/tree/02a2bdec0e5cb0dc93b6ef11db4d54a82c34b224; Wiktionary: https://en.wiktionary.org/wiki/soma"
"soma"	"read; study"	"V"	"tulisoma"	"V;FIN;IND;PST;1;PL"	"tu-li-som-a"	"UniMorph swc@02a2bdec0e5cb0dc93b6ef11db4d54a82c34b224; https://github.com/unimorph/swc/tree/02a2bdec0e5cb0dc93b6ef11db4d54a82c34b224; Wiktionary: https://en.wiktionary.org/wiki/soma"
"soma"	"read; study"	"V"	"mtasoma"	"V;FIN;IND;FUT;2;PL"	"m-ta-som-a"	"UniMorph swc@02a2bdec0e5cb0dc93b6ef11db4d54a82c34b224; https://github.com/unimorph/swc/tree/02a2bdec0e5cb0dc93b6ef11db4d54a82c34b224; Wiktionary: https://en.wiktionary.org/wiki/soma"
"soma"	"read; study"	"V"	"tutasoma"	"V;FIN;IND;FUT;1;PL"	"tu-ta-som-a"	"UniMorph swc@02a2bdec0e5cb0dc93b6ef11db4d54a82c34b224; https://github.com/unimorph/swc/tree/02a2bdec0e5cb0dc93b6ef11db4d54a82c34b224; Wiktionary: https://en.wiktionary.org/wiki/soma"
"soma"	"read; study"	"V"	"unasoma"	"V;FIN;IND;PRES;2;SG"	"u-na-som-a"	"UniMorph swc@02a2bdec0e5cb0dc93b6ef11db4d54a82c34b224; https://github.com/unimorph/swc/tree/02a2bdec0e5cb0dc93b6ef11db4d54a82c34b224; Wiktionary: https://en.wiktionary.org/wiki/soma"
"soma"	"read; study"	"V"	"tumesoma"	"V;FIN;IND;PST;PRF;1;PL"	"tu-me-som-a"	"UniMorph swc@02a2bdec0e5cb0dc93b6ef11db4d54a82c34b224; https://github.com/unimorph/swc/tree/02a2bdec0e5cb0dc93b6ef11db4d54a82c34b224; Wiktionary: https://en.wiktionary.org/wiki/soma"
"soma"	"read; study"	"V"	"mmesoma"	"V;FIN;IND;PST;PRF;2;PL"	"m-me-som-a"	"UniMorph swc@02a2bdec0e5cb0dc93b6ef11db4d54a82c34b224; https://github.com/unimorph/swc/tree/02a2bdec0e5cb0dc93b6ef11db4d54a82c34b224; Wiktionary: https://en.wiktionary.org/wiki/soma"
"soma"	"read; study"	"V"	"nitasoma"	"V;FIN;IND;FUT;1;SG"	"ni-ta-som-a"	"UniMorph swc@02a2bdec0e5cb0dc93b6ef11db4d54a82c34b224; https://github.com/unimorph/swc/tree/02a2bdec0e5cb0dc93b6ef11db4d54a82c34b224; Wiktionary: https://en.wiktionary.org/wiki/soma"
"sema"	"say; speak"	"V"	"ninasema"	"V;FIN;IND;PRES;1;SG"	"ni-na-sem-a"	"Goldsmith & Mpiranya 2022, Figure 1, p. 75; https://langsci-press.org/catalog/book/306; Wiktionary: https://en.wiktionary.org/wiki/sema"
"sema"	"say; speak"	"V"	"tunasema"	"V;FIN;IND;PRES;1;PL"	"tu-na-sem-a"	"Goldsmith & Mpiranya 2022, Figure 1, p. 75; https://langsci-press.org/catalog/book/306; Wiktionary: https://en.wiktionary.org/wiki/sema"
"piga"	"hit; strike; play (an instrument)"	"V"	"ninampiga"	"V;FIN;IND;PRES;1;SG;OM=Class1"	"ni-na-m-pig-a"	"Goldsmith & Mpiranya 2022, Figure 1, p. 75; https://langsci-press.org/catalog/book/306; Wiktionary: https://en.wiktionary.org/wiki/piga"
"piga"	"hit; strike; play (an instrument)"	"V"	"ninawapiga"	"V;FIN;IND;PRES;1;SG;OM=Class2"	"ni-na-wa-pig-a"	"Goldsmith & Mpiranya 2022, Figure 1, p. 75; https://langsci-press.org/catalog/book/306; Wiktionary: https://en.wiktionary.org/wiki/piga"
"mtoto"	"child"	"N"	"mtoto"	"N;Number=Sing;NounClass=1"	"m-toto"	"Wiktionary: https://en.wiktionary.org/wiki/mtoto; https://en.wiktionary.org/wiki/Appendix:Swahili_noun_classes"
"mtoto"	"child"	"N"	"watoto"	"N;Number=Plur;NounClass=2"	"wa-toto"	"Wiktionary: https://en.wiktionary.org/wiki/mtoto; https://en.wiktionary.org/wiki/Appendix:Swahili_noun_classes"
"kitabu"	"book"	"N"	"kitabu"	"N;Number=Sing;NounClass=7"	"ki-tabu"	"Wiktionary: https://en.wiktionary.org/wiki/kitabu; https://en.wiktionary.org/wiki/Appendix:Swahili_noun_classes"
"kitabu"	"book"	"N"	"vitabu"	"N;Number=Plur;NounClass=8"	"vi-tabu"	"Wiktionary: https://en.wiktionary.org/wiki/kitabu; https://en.wiktionary.org/wiki/Appendix:Swahili_noun_classes"
"ndizi"	"banana"	"N"	"ndizi"	"N;Number=Sing;NounClass=9"	"N-dizi"	"Wiktionary: https://en.wiktionary.org/wiki/ndizi; https://en.wiktionary.org/wiki/Appendix:Swahili_noun_classes"
"ndizi"	"banana"	"N"	"ndizi"	"N;Number=Plur;NounClass=10"	"N-dizi"	"Wiktionary: https://en.wiktionary.org/wiki/ndizi; https://en.wiktionary.org/wiki/Appendix:Swahili_noun_classes"
