"id"	"sentence"	"english"	"gloss_or_features"	"source"	"licence"
"10858167/3150482"	"Ulinunua wapi vitu hivi vyote?"	"Where did you buy all these?"	""	"Tatoeba sentence 10858167 by ecorralest101 (https://tatoeba.org/en/sentences/show/10858167); translation 3150482 by CK (https://tatoeba.org/en/sentences/show/3150482)"	"CC BY 2.0 FR"
"10853401/2790385"	"Napenda samaki kuliko nyama."	"I like fish more than meat."	""	"Tatoeba sentence 10853401 by ecorralest101 (https://tatoeba.org/en/sentences/show/10853401); translation 2790385 by CK (https://tatoeba.org/en/sentences/show/2790385)"	"CC BY 2.0 FR"
"3174122/3174120"	"Millie ana kitabu."	"Millie has a book."	""	"Tatoeba sentence 3174122 by ecorralest101 (https://tatoeba.org/en/sentences/show/3174122); translation 3174120 by CN (https://tatoeba.org/en/sentences/show/3174120)"	"CC BY 2.0 FR"
"13483339/9522990"	"Napenda kula maharage."	"I like to eat beans."	""	"Tatoeba sentence 13483339 by ecorralest101 (https://tatoeba.org/en/sentences/show/13483339); translation 9522990 by Taam (https://tatoeba.org/en/sentences/show/9522990)"	"CC BY 2.0 FR"
"10835696/953811"	"Nitakuona muda mfupi ujao."	"I'll see you soon."	""	"Tatoeba sentence 10835696 by ecorralest101 (https://tatoeba.org/en/sentences/show/10835696); translation 953811 by CK (https://tatoeba.org/en/sentences/show/953811)"	"CC BY 2.0 FR"
"10815939/242240"	"Ulimwona kwenye kituo asubuhi ya leo?"	"Did you see him at the station this morning?"	""	"Tatoeba sentence 10815939 by ecorralest101 (https://tatoeba.org/en/sentences/show/10815939); translation 242240 by CK (https://tatoeba.org/en/sentences/show/242240)"	"CC BY 2.0 FR"
"13006925/10865750"	"Unaweza kusoma sentensi hizi?"	"Can you read these sentences?"	""	"Tatoeba sentence 13006925 by ecorralest101 (https://tatoeba.org/en/sentences/show/13006925); translation 10865750 by carlosalberto (https://tatoeba.org/en/sentences/show/10865750)"	"CC BY 2.0 FR"
"10898662/8023644"	"Hiyo ni nyumba ya Sasha. Aliishi huko kwa miongo kadhaa."	"That's Sasha's house. She's lived there for decades."	""	"Tatoeba sentence 10898662 by ecorralest101 (https://tatoeba.org/en/sentences/show/10898662); translation 8023644 by AlanF_US (https://tatoeba.org/en/sentences/show/8023644)"	"CC BY 2.0 FR"
"10848149/2230283"	"Napenda kununua katika soko la wakulima wa hapa."	"I like shopping at the local farmers' market."	""	"Tatoeba sentence 10848149 by ecorralest101 (https://tatoeba.org/en/sentences/show/10848149); translation 2230283 by Hybrid (https://tatoeba.org/en/sentences/show/2230283)"	"CC BY 2.0 FR"
"3172547/3094926"	"Melanie anapenda muziki."	"Melanie likes music."	""	"Tatoeba sentence 3172547 by ecorralest101 (https://tatoeba.org/en/sentences/show/3172547); translation 3094926 by CN (https://tatoeba.org/en/sentences/show/3094926)"	"CC BY 2.0 FR"
"10868752/3949679"	"Dan alimpenda Linda kwa kipindi kifupi sana."	"Dan dated Linda for a very short period of time."	""	"Tatoeba sentence 10868752 by ecorralest101 (https://tatoeba.org/en/sentences/show/10868752); translation 3949679 by Amastan (https://tatoeba.org/en/sentences/show/3949679)"	"CC BY 2.0 FR"
"13483322/5161316"	"Napenda kula samaki."	"I like to eat fish."	""	"Tatoeba sentence 13483322 by ecorralest101 (https://tatoeba.org/en/sentences/show/13483322); translation 5161316 by CarpeLanam (https://tatoeba.org/en/sentences/show/5161316)"	"CC BY 2.0 FR"
"10824521/305072"	"Walikuwa na mtoto mmoja tu."	"They had only one child."	""	"Tatoeba sentence 10824521 by ecorralest101 (https://tatoeba.org/en/sentences/show/10824521); translation 305072 by CK (https://tatoeba.org/en/sentences/show/305072)"	"CC BY 2.0 FR"
"10821192/292785"	"Yeye ni mtoto tu."	"He is nothing but a child."	""	"Tatoeba sentence 10821192 by ecorralest101 (https://tatoeba.org/en/sentences/show/10821192); translation 292785 by CK (https://tatoeba.org/en/sentences/show/292785)"	"CC BY 2.0 FR"
"13483310/9673407"	"Napenda kunywa chai."	"I like to drink tea."	""	"Tatoeba sentence 13483310 by ecorralest101 (https://tatoeba.org/en/sentences/show/13483310); translation 9673407 by Adelpa (https://tatoeba.org/en/sentences/show/9673407)"	"CC BY 2.0 FR"
"10889596/6846096"	"Kama kawaida, anasoma gazeti akila."	"As usual, he reads the newspaper while eating."	""	"Tatoeba sentence 10889596 by ecorralest101 (https://tatoeba.org/en/sentences/show/10889596); translation 6846096 by Eccles17 (https://tatoeba.org/en/sentences/show/6846096)"	"CC BY 2.0 FR"
"3175789/16525"	"Una vitabu vingi."	"You have many books."	""	"Tatoeba sentence 3175789 by ecorralest101 (https://tatoeba.org/en/sentences/show/3175789); translation 16525 by CK (https://tatoeba.org/en/sentences/show/16525)"	"CC BY 2.0 FR"
"10889769/6890967"	"Je, unampenda Francis?"	"Do you like Francis?"	""	"Tatoeba sentence 10889769 by ecorralest101 (https://tatoeba.org/en/sentences/show/10889769); translation 6890967 by danepo (https://tatoeba.org/en/sentences/show/6890967)"	"CC BY 2.0 FR"
"10827319/411960"	"Namuona Dana."	"I see Dana."	""	"Tatoeba sentence 10827319 by ecorralest101 (https://tatoeba.org/en/sentences/show/10827319); translation 411960 by Dorenda (https://tatoeba.org/en/sentences/show/411960)"	"CC BY 2.0 FR"
"10889405/6772254"	"Nyamaza! Amelala."	"Hush! He's sleeping."	""	"Tatoeba sentence 10889405 by ecorralest101 (https://tatoeba.org/en/sentences/show/10889405); translation 6772254 by Eccles17 (https://tatoeba.org/en/sentences/show/6772254)"	"CC BY 2.0 FR"
"10831184/573896"	"Ulianza lini kukisoma Kiingereza?"	"When did you start studying English?"	""	"Tatoeba sentence 10831184 by ecorralest101 (https://tatoeba.org/en/sentences/show/10831184); translation 573896 by FeuDRenais2 (https://tatoeba.org/en/sentences/show/573896)"	"CC BY 2.0 FR"
"3579708/671725"	"Nyinyi ni watoto."	"You are children."	""	"Tatoeba sentence 3579708 by ecorralest101 (https://tatoeba.org/en/sentences/show/3579708); translation 671725 by aikidave (https://tatoeba.org/en/sentences/show/671725)"	"CC BY 2.0 FR"
"10825085/318971"	"Baba anapenda kusema vitu vya kuchekesha."	"Daddy loves to say funny things."	""	"Tatoeba sentence 10825085 by ecorralest101 (https://tatoeba.org/en/sentences/show/10825085); translation 318971 by CM (https://tatoeba.org/en/sentences/show/318971)"	"CC BY 2.0 FR"
"10835223/875825"	"Ni kitabu cha kihispania."	"It's a Spanish book."	""	"Tatoeba sentence 10835223 by ecorralest101 (https://tatoeba.org/en/sentences/show/10835223); translation 875825 by CN (https://tatoeba.org/en/sentences/show/875825)"	"CC BY 2.0 FR"
"10842746/1717766"	"Umepata jibu kwa swali hili?"	"Have you found an answer to this question?"	""	"Tatoeba sentence 10842746 by ecorralest101 (https://tatoeba.org/en/sentences/show/10842746); translation 1717766 by Amastan (https://tatoeba.org/en/sentences/show/1717766)"	"CC BY 2.0 FR"
"10869521/4308703"	"Anapenda kusoma vitabu."	"He likes reading books."	""	"Tatoeba sentence 10869521 by ecorralest101 (https://tatoeba.org/en/sentences/show/10869521); translation 4308703 by CH (https://tatoeba.org/en/sentences/show/4308703)"	"CC BY 2.0 FR"
"10884757/6256442"	"Hiki kitabu ningependa kusoma."	"This is a book I'd like to read."	""	"Tatoeba sentence 10884757 by ecorralest101 (https://tatoeba.org/en/sentences/show/10884757); translation 6256442 by CK (https://tatoeba.org/en/sentences/show/6256442)"	"CC BY 2.0 FR"
"10847823/2119596"	"Nanunua bidhaa nyingi katika duka lile."	"I buy loads of stuff at that store."	""	"Tatoeba sentence 10847823 by ecorralest101 (https://tatoeba.org/en/sentences/show/10847823); translation 2119596 by CK (https://tatoeba.org/en/sentences/show/2119596)"	"CC BY 2.0 FR"
"10813458/58302"	"Kuna vitabu vingi vizuri maktabani."	"There are a great many books in this library."	""	"Tatoeba sentence 10813458 by ecorralest101 (https://tatoeba.org/en/sentences/show/10813458); translation 58302 by Dejo (https://tatoeba.org/en/sentences/show/58302)"	"CC BY 2.0 FR"
"10869474/4265824"	"Kitabu nilinunua kiko mezani."	"The book I bought is on the table."	""	"Tatoeba sentence 10869474 by ecorralest101 (https://tatoeba.org/en/sentences/show/10869474); translation 4265824 by Eldad (https://tatoeba.org/en/sentences/show/4265824)"	"CC BY 2.0 FR"
"3173536/703133"	"Ni nyumba nzuri."	"It's a pretty house."	""	"Tatoeba sentence 3173536 by ecorralest101 (https://tatoeba.org/en/sentences/show/3173536); translation 703133 by papabear (https://tatoeba.org/en/sentences/show/703133)"	"CC BY 2.0 FR"
"13443982/13443976"	"Nilisoma hadithi jana."	"I read a story yesterday."	""	"Tatoeba sentence 13443982 by ecorralest101 (https://tatoeba.org/en/sentences/show/13443982); translation 13443976 by ecorralest101 (https://tatoeba.org/en/sentences/show/13443976)"	"CC BY 2.0 FR"
"10811691/50348"	"Tumbili alichukua ndizi kupitia kijiti."	"The monkey took a banana by means of the stick."	""	"Tatoeba sentence 10811691 by ecorralest101 (https://tatoeba.org/en/sentences/show/10811691); translation 50348 by shekitten (https://tatoeba.org/en/sentences/show/50348)"	"CC BY 2.0 FR"
"3174039/871646"	"Ni kitabu kipya."	"It's a new book."	""	"Tatoeba sentence 3174039 by ecorralest101 (https://tatoeba.org/en/sentences/show/3174039); translation 871646 by ColinG (https://tatoeba.org/en/sentences/show/871646)"	"CC BY 2.0 FR"
"10886791/6443322"	"Wazazi wangu wanakupenda."	"My parents love you."	""	"Tatoeba sentence 10886791 by ecorralest101 (https://tatoeba.org/en/sentences/show/10886791); translation 6443322 by RudeGuyGames (https://tatoeba.org/en/sentences/show/6443322)"	"CC BY 2.0 FR"
"4851581/4851580"	"Vitabu viko wapi?"	"Where are the books?"	""	"Tatoeba sentence 4851581 by ecorralest101 (https://tatoeba.org/en/sentences/show/4851581); translation 4851580 by Jesse (https://tatoeba.org/en/sentences/show/4851580)"	"CC BY 2.0 FR"
"3173050/3173049"	"Millie anapenda chokoleti."	"Millie loves chocolate."	""	"Tatoeba sentence 3173050 by ecorralest101 (https://tatoeba.org/en/sentences/show/3173050); translation 3173049 by CN (https://tatoeba.org/en/sentences/show/3173049)"	"CC BY 2.0 FR"
"10842871/1755544"	"Napenda mchezo wa chess."	"I like chess."	""	"Tatoeba sentence 10842871 by ecorralest101 (https://tatoeba.org/en/sentences/show/10842871); translation 1755544 by Betsemes (https://tatoeba.org/en/sentences/show/1755544)"	"CC BY 2.0 FR"
"10845071/1882996"	"Anapenda sana vitabu vya Harry Potter."	"She's obsessed with the Harry Potter books."	""	"Tatoeba sentence 10845071 by ecorralest101 (https://tatoeba.org/en/sentences/show/10845071); translation 1882996 by Spamster (https://tatoeba.org/en/sentences/show/1882996)"	"CC BY 2.0 FR"
"10855928/3094922"	"Melanie anapenda kula pizza."	"Melanie likes eating pizza."	""	"Tatoeba sentence 10855928 by ecorralest101 (https://tatoeba.org/en/sentences/show/10855928); translation 3094922 by sundown (https://tatoeba.org/en/sentences/show/3094922)"	"CC BY 2.0 FR"
"10869350/4156195"	"Nitaandika nini hapa?"	"What shall I write here?"	""	"Tatoeba sentence 10869350 by ecorralest101 (https://tatoeba.org/en/sentences/show/10869350); translation 4156195 by richke (https://tatoeba.org/en/sentences/show/4156195)"	"CC BY 2.0 FR"
"10872098/4481819"	"Niliona kinyago cha kuchekesha na pua kubwa nyekundu."	"I saw a funny clown with a big red nose."	""	"Tatoeba sentence 10872098 by ecorralest101 (https://tatoeba.org/en/sentences/show/10872098); translation 4481819 by Joseph (https://tatoeba.org/en/sentences/show/4481819)"	"CC BY 2.0 FR"
"3172896/3128075"	"Anasoma."	"He's reading."	""	"Tatoeba sentence 3172896 by ecorralest101 (https://tatoeba.org/en/sentences/show/3172896); translation 3128075 by _undertoad (https://tatoeba.org/en/sentences/show/3128075)"	"CC BY 2.0 FR"
"3579709/2242972"	"Wao ni watoto."	"They're children."	""	"Tatoeba sentence 3579709 by ecorralest101 (https://tatoeba.org/en/sentences/show/3579709); translation 2242972 by CK (https://tatoeba.org/en/sentences/show/2242972)"	"CC BY 2.0 FR"
"10837964/1195649"	"Aliweka kitabu mezani."	"He put the book on the table."	""	"Tatoeba sentence 10837964 by ecorralest101 (https://tatoeba.org/en/sentences/show/10837964); translation 1195649 by CH (https://tatoeba.org/en/sentences/show/1195649)"	"CC BY 2.0 FR"
"3086009/3086008"	"Kuna ndizi?"	"Are there any bananas?"	""	"Tatoeba sentence 3086009 by ecorralest101 (https://tatoeba.org/en/sentences/show/3086009); translation 3086008 by CK (https://tatoeba.org/en/sentences/show/3086008)"	"CC BY 2.0 FR"
"369350/1434"	"Nakupenda."	"I love you."	""	"Tatoeba sentence 369350 by Blaz (https://tatoeba.org/en/sentences/show/369350); translation 1434 by awael58 (https://tatoeba.org/en/sentences/show/1434)"	"CC BY 2.0 FR"
"3173998/3173997"	"Millie anakula ndizi."	"Millie is eating a banana."	""	"Tatoeba sentence 3173998 by ecorralest101 (https://tatoeba.org/en/sentences/show/3173998); translation 3173997 by CN (https://tatoeba.org/en/sentences/show/3173997)"	"CC BY 2.0 FR"
"13483337/773320"	"Napenda kula."	"I like to eat."	""	"Tatoeba sentence 13483337 by ecorralest101 (https://tatoeba.org/en/sentences/show/13483337); translation 773320 by marloncori (https://tatoeba.org/en/sentences/show/773320)"	"CC BY 2.0 FR"
"10872784/4784399"	"Wakampa mtoto wake jina la Jenny."	"They named her baby Jenny."	""	"Tatoeba sentence 10872784 by ecorralest101 (https://tatoeba.org/en/sentences/show/10872784); translation 4784399 by garborg (https://tatoeba.org/en/sentences/show/4784399)"	"CC BY 2.0 FR"
"10848512/2275892"	"Sikutaka kupiga mayowe."	"I didn't mean to yell."	""	"Tatoeba sentence 10848512 by ecorralest101 (https://tatoeba.org/en/sentences/show/10848512); translation 2275892 by CK (https://tatoeba.org/en/sentences/show/2275892)"	"CC BY 2.0 FR"
"10816578/259904"	"Niliona farasi akivuta mkokoteni."	"I saw a horse pulling a cart."	""	"Tatoeba sentence 10816578 by ecorralest101 (https://tatoeba.org/en/sentences/show/10816578); translation 259904 by CK (https://tatoeba.org/en/sentences/show/259904)"	"CC BY 2.0 FR"
"3173654/3173652"	"Millie anampenda."	"Millie loves him."	""	"Tatoeba sentence 3173654 by ecorralest101 (https://tatoeba.org/en/sentences/show/3173654); translation 3173652 by sundown (https://tatoeba.org/en/sentences/show/3173652)"	"CC BY 2.0 FR"
"3220470/3220342"	"Ninaweza kusoma."	"I can read."	""	"Tatoeba sentence 3220470 by ecorralest101 (https://tatoeba.org/en/sentences/show/3220470); translation 3220342 by CK (https://tatoeba.org/en/sentences/show/3220342)"	"CC BY 2.0 FR"
"10824995/316792"	"Kawaida yeye hulala kwa masaa nane."	"She usually sleeps for eight hours."	""	"Tatoeba sentence 10824995 by ecorralest101 (https://tatoeba.org/en/sentences/show/10824995); translation 316792 by CK (https://tatoeba.org/en/sentences/show/316792)"	"CC BY 2.0 FR"
"10895879/7494288"	"Amekupiga wapi?"	"Where did she hit you?"	""	"Tatoeba sentence 10895879 by ecorralest101 (https://tatoeba.org/en/sentences/show/10895879); translation 7494288 by CH (https://tatoeba.org/en/sentences/show/7494288)"	"CC BY 2.0 FR"
"3172882/3128071"	"Unasoma."	"You're reading."	""	"Tatoeba sentence 3172882 by ecorralest101 (https://tatoeba.org/en/sentences/show/3172882); translation 3128071 by DJ_Saidez (https://tatoeba.org/en/sentences/show/3128071)"	"CC BY 2.0 FR"
"3172899/5160230"	"Unaandika."	"You're writing."	""	"Tatoeba sentence 3172899 by ecorralest101 (https://tatoeba.org/en/sentences/show/3172899); translation 5160230 by CarpeLanam (https://tatoeba.org/en/sentences/show/5160230)"	"CC BY 2.0 FR"
"3172903/3128083"	"Tunaandika."	"We're writing."	""	"Tatoeba sentence 3172903 by ecorralest101 (https://tatoeba.org/en/sentences/show/3172903); translation 3128083 by Ricardo14 (https://tatoeba.org/en/sentences/show/3128083)"	"CC BY 2.0 FR"
"10835789/969136"	"Fred alimpenda Jane na wakaanza kuonana."	"Fred took a liking to Jane and they started seeing each other."	""	"Tatoeba sentence 10835789 by ecorralest101 (https://tatoeba.org/en/sentences/show/10835789); translation 969136 by Serhiy (https://tatoeba.org/en/sentences/show/969136)"	"CC BY 2.0 FR"
"10811117/41181"	"Watu wengi wanapenda kutazama runinga."	"Most people like watching TV."	""	"Tatoeba sentence 10811117 by ecorralest101 (https://tatoeba.org/en/sentences/show/10811117); translation 41181 by CK (https://tatoeba.org/en/sentences/show/41181)"	"CC BY 2.0 FR"
"10814056/67875"	"Alikuwa ni mtu wa mwisho nilitarajia kumwona leo."	"She was the last person I expected to meet that day."	""	"Tatoeba sentence 10814056 by ecorralest101 (https://tatoeba.org/en/sentences/show/10814056); translation 67875 by Eldad (https://tatoeba.org/en/sentences/show/67875)"	"CC BY 2.0 FR"
"842630/842632"	"Watoto wanakwenda shuleni?"	"Do the children go to school?"	""	"Tatoeba sentence 842630 by riccioberto (https://tatoeba.org/en/sentences/show/842630); translation 842632 by riccioberto (https://tatoeba.org/en/sentences/show/842632)"	"CC BY 2.0 FR"
"13348458/6362528"	"Niliona nyumba nzuri."	"I saw a beautiful house."	""	"Tatoeba sentence 13348458 by ecorralest101 (https://tatoeba.org/en/sentences/show/13348458); translation 6362528 by RudeGuyGames (https://tatoeba.org/en/sentences/show/6362528)"	"CC BY 2.0 FR"
"10813987/66865"	"Nadhani Ann anampenda Jack."	"I think Ann loves Jack."	""	"Tatoeba sentence 10813987 by ecorralest101 (https://tatoeba.org/en/sentences/show/10813987); translation 66865 by CN (https://tatoeba.org/en/sentences/show/66865)"	"CC BY 2.0 FR"
"3175792/16525"	"Mna vitabu vingi."	"You have many books."	""	"Tatoeba sentence 3175792 by ecorralest101 (https://tatoeba.org/en/sentences/show/3175792); translation 16525 by CK (https://tatoeba.org/en/sentences/show/16525)"	"CC BY 2.0 FR"
"3653632/3649318"	"Alinileta kahawa."	"He brought me coffee."	""	"Tatoeba sentence 3653632 by ecorralest101 (https://tatoeba.org/en/sentences/show/3653632); translation 3649318 by CH (https://tatoeba.org/en/sentences/show/3649318)"	"CC BY 2.0 FR"
"10842820/1741766"	"Nawaleta watoto wangu bustani karibu kila siku."	"I bring my children to the park almost every day."	""	"Tatoeba sentence 10842820 by ecorralest101 (https://tatoeba.org/en/sentences/show/10842820); translation 1741766 by Amastan (https://tatoeba.org/en/sentences/show/1741766)"	"CC BY 2.0 FR"
"13483336/10162582"	"Napenda kula pea."	"I like to eat pears."	""	"Tatoeba sentence 13483336 by ecorralest101 (https://tatoeba.org/en/sentences/show/13483336); translation 10162582 by ToxicFriu (https://tatoeba.org/en/sentences/show/10162582)"	"CC BY 2.0 FR"
"10831487/662596"	"Kusoma vitabu ni uraibu wangu."	"Reading books is a habit of mine."	""	"Tatoeba sentence 10831487 by ecorralest101 (https://tatoeba.org/en/sentences/show/10831487); translation 662596 by bluepie88 (https://tatoeba.org/en/sentences/show/662596)"	"CC BY 2.0 FR"
"3653241/68954"	"Je, unasoma?"	"Are you studying?"	""	"Tatoeba sentence 3653241 by ecorralest101 (https://tatoeba.org/en/sentences/show/3653241); translation 68954 by CK (https://tatoeba.org/en/sentences/show/68954)"	"CC BY 2.0 FR"
"10886420/6342889"	"Watoto wangu wote wanakwenda shule huko Boston."	"All of my children go to school in Boston."	""	"Tatoeba sentence 10886420 by ecorralest101 (https://tatoeba.org/en/sentences/show/10886420); translation 6342889 by CK (https://tatoeba.org/en/sentences/show/6342889)"	"CC BY 2.0 FR"
"10863600/3577360"	"Unampenda kisiri, sio?"	"You have a crush on him, don't you?"	""	"Tatoeba sentence 10863600 by ecorralest101 (https://tatoeba.org/en/sentences/show/10863600); translation 3577360 by Hybrid (https://tatoeba.org/en/sentences/show/3577360)"	"CC BY 2.0 FR"
"10830727/485373"	"Msimamizi alinunua mashine yenye nguvu kweli."	"The supervisor bought a really powerful machine."	""	"Tatoeba sentence 10830727 by ecorralest101 (https://tatoeba.org/en/sentences/show/10830727); translation 485373 by CK (https://tatoeba.org/en/sentences/show/485373)"	"CC BY 2.0 FR"
"10818959/276156"	"Viwili kati ya vitabu vyangu vimechukuliwa."	"Two of my books have been taken."	""	"Tatoeba sentence 10818959 by ecorralest101 (https://tatoeba.org/en/sentences/show/10818959); translation 276156 by CK (https://tatoeba.org/en/sentences/show/276156)"	"CC BY 2.0 FR"
"2906265/2886135"	"Emily aliandika sentensi."	"Emily wrote the sentence."	""	"Tatoeba sentence 2906265 by ecorralest101 (https://tatoeba.org/en/sentences/show/2906265); translation 2886135 by sundown (https://tatoeba.org/en/sentences/show/2886135)"	"CC BY 2.0 FR"
"3653508/3653988"	"Tlaloc anapenda kusafiri."	"Tláloc likes travelling."	""	"Tatoeba sentence 3653508 by ecorralest101 (https://tatoeba.org/en/sentences/show/3653508); translation 3653988 by VCatmur (https://tatoeba.org/en/sentences/show/3653988)"	"CC BY 2.0 FR"
"10874692/5004961"	"Nina hakika nilimuona mahali fulani kabla."	"I'm sure I've seen him somewhere before."	""	"Tatoeba sentence 10874692 by ecorralest101 (https://tatoeba.org/en/sentences/show/10874692); translation 5004961 by CK (https://tatoeba.org/en/sentences/show/5004961)"	"CC BY 2.0 FR"
