"Class"	"Field"	"Title"	"Description"	"Reviewed"	"Source"	"SourceDetail"	"SourceHash"
"LexEntry"	"AlternateForms"	"Allomorph Order"	"Use this when the intended precedence among existing alternate forms changes; each move names its member and neighboring anchor."	"unsourced"	""	""	""
"LexEntry"	"Bibliography"	"Bibliography"	"Bibliographic information"	"sourced"	"liblcm/MasterLCModel.xml"	"line 2592, <basic id=""Bibliography""> under <class id=""LexEntry"">"	"sha256:19cfcc8d6bb9040c7b12c9777b18a0a1fea3b6802eefd420ca131cea77ccf231"
"LexEntry"	"CitationForm"	"Citation Form"	"If this is missing, then this defaults to the lexicalForm but the user has the option of specifying a real citation form especially useful for bound roots."	"sourced"	"liblcm/MasterLCModel.xml"	"line 2579, <basic id=""CitationForm""> under <class id=""LexEntry"">"	"sha256:235ec5bc1362c499e22725645331ce5afc124755b8839a530345b7dde58aeda9"
"LexEntry"	"Comment"	"Note"	"Free text field for notes about environment of a variant or any other note. (This used to be on LexVariant and LexMinorEntry.)"	"sourced"	"liblcm/MasterLCModel.xml"	"line 2622, <basic id=""Comment""> under <class id=""LexEntry"">"	"sha256:961143337c514975b283df6973d07084649abeec3269f05b8022b22253d9553f"
"LexEntry"	"DialectLabels"	"Dialect Labels (Entry)"	"This property lists dialects in which this entry is used."	"sourced"	"liblcm/MasterLCModel.xml"	"line 2672, <rel id=""DialectLabels""> under <class id=""LexEntry"">"	"sha256:f3808629b1ab0868963ba1e6c9926d52d81edcb89e3662a4674176a2e8b2c868"
"LexEntry"	"DoNotPublishIn"	""	"This property lists publications in which this entry should not appear, either as a main entry or as any kind of link target. Currently the hiding (and consequent adjusting of homograph numbers etc) only takes place in Dictionary view."	"sourced"	"liblcm/MasterLCModel.xml"	"line 2667, <rel id=""DoNotPublishIn""> under <class id=""LexEntry"">"	"sha256:14a555f3b4bebd5d1a0f4cdbccbb72a6e95ed753178f44b86f5435580426bce3"
"LexEntry"	"DoNotShowMainEntryIn"	""	"This property lists publications in which this main entry should not appear. Currently the hiding (and consequent adjusting of homograph numbers etc) only takes place in Dictionary view."	"sourced"	"liblcm/MasterLCModel.xml"	"line 2632, <rel id=""DoNotShowMainEntryIn""> under <class id=""LexEntry"">"	"sha256:c933b4d4d88670029b00e4eaa234d771cdb85992654ac40429e0aa5e78ce22e6"
"LexEntry"	"DoNotUseForParsing"	""	"The user may initially add entries not knowing if they are highly regular/predictable. Once discovering that an entry is ""non-lexical"", the user may still want to retain for example sentences, conjugation charts, etc. This boolean specifies that the parser is not to use the morphs or MSA info in its parsing. Default = False."	"sourced"	"liblcm/MasterLCModel.xml"	"line 2627, <basic id=""DoNotUseForParsing""> under <class id=""LexEntry"">"	"sha256:7f3076ce986237ebfcc4330a6dfaf816a04c32635aa5b8f470ff117238333181"
"LexEntry"	"LexemeForm"	"Lexeme Form"	"The lexeme form is the form of the entry that is normally used by linguists in interlinear text. The lexeme form is either the default allomorph for this lexEntry (e.g. French 'march' as opposed to citation form 'marcher') or the abstract underlying representation of it. (e.g. -[C][V]^2) When it is an abstract representation, the IsAbstract property is set. The lexeme form is equivalent to the base form in LinguaLinks or the \lx field in MDF files."	"sourced"	"liblcm/MasterLCModel.xml"	"line 2637, <owning id=""LexemeForm""> under <class id=""LexEntry"">"	"sha256:baab7d18285dab7cb7518d6d5d6323cd1d5c0d044ae1f89a9771b54a8f163ddd"
"LexEntry"	"LiteralMeaning"	"Literal Meaning"	"This field is here for ease of use for the user. However, if the user fills out the components on the MSA of the subentry, the literal meaning can be derived. If Literal Meaning is empty and the components are filled in, the derived literal meaning should be displayed as virtual (in italics perhaps?) (It used to be on LexSubentry.)"	"sourced"	"liblcm/MasterLCModel.xml"	"line 2612, <basic id=""LiteralMeaning""> under <class id=""LexEntry"">"	"sha256:1d3df681570d692dc8df4f324509142473a12b78541f088fc6befcab3b8b017c"
"LexEntry"	"Restrictions"	"Restrictions"	"Only certain people can use the entry under certain circumstances"	"sourced"	"liblcm/MasterLCModel.xml"	"line 2602, <basic id=""Restrictions""> under <class id=""LexEntry"">"	"sha256:c171042e6a3eef9ea8be706af206bf59ec277e0b27b950911dba489bf81495d1"
"LexEntry"	"SummaryDefinition"	"Summary Definition"	"This is a short definition at an entry level. (It used to be on LexMajorEntry.)"	"sourced"	"liblcm/MasterLCModel.xml"	"line 2607, <basic id=""SummaryDefinition""> under <class id=""LexEntry"">"	"sha256:becbe376cdd846969a39808ad5ea2ffd789051884c3e4d0dde2366864368cd45"
"MoForm"	"Form"	"Form"	"It is not clear to me what is supposed to go into this attribute for process affixes (MoAffixProcess), since these do not have a form per se (and in some cases, such as reduplication, there is no form at all). One could use this for a description of the process affix, but that usage would then not parallel the usage in other subclasses."	"sourced"	"liblcm/MasterLCModel.xml"	"line 3290, <basic id=""Form""> under <class id=""MoForm"">"	"sha256:6d477a7bcf36865f7fe859ddb283a4b18edb40fcb22fcd09eb48b31a9b65be4d"
"MoForm"	"IsAbstract"	"IsAbstract"	"This is used to indicate a lexeme form is an abstract form (e.g.,-[C][V]^2, or iN) and should not be used for parsing."	"sourced"	"liblcm/MasterLCModel.xml"	"line 3302, <basic id=""IsAbstract""> under <class id=""MoForm"">"	"sha256:293493f8a3f2939e168a37c4c1e78d9b8a605fb655acb0a2503adec95214de7c"
"MoForm"	"MorphType"	"Morph Type"	"refers to an MoMorphType which is an item on a possibilities list. Possibilities include at least: prefix, suffix, infix, circumfix, root, bound root, and probably proclitic and enclitic. Note that most of these are appropriate for one or the other subclass, but since there is only one possibilities list, the types must be limited by procedural code. Other kinds of affixation (circumfixes, simulfixes, suprafixes etc.) are probably beyond the capabilities of Item-and-Arrangement morphology, and may therefore need to be prevented from appearing (or grayed out) with the class MoAffixAllomorph."	"sourced"	"liblcm/MasterLCModel.xml"	"line 3296, <rel id=""MorphType""> under <class id=""MoForm"">"	"sha256:f4c8a1b18b067b1d0ba3b8e2d9984c9478641c376176e3781505ecd6c447558c"
"CmPossibility"	"Abbreviation"	"Abbreviation"	"This field stores the abbreviation of the current named list item."	"sourced"	"FieldWorks/DistFiles/Helps/FieldWorks_Language_Explorer_Help.chm"	"User_Interface/Field_Descriptions/Lists/Text_Chart_Temp_fields/abbreviation_field_tctemp.htm (page title: ""Abbreviation field (Text Constituents Chart Templates)""; class-generic; HelpTopicPaths.resx has 21 per-list keys for this one field (ProdRestrictEdit, confidenceEdit, statusEdit, genresEdit, ...) and no canonical one, because the field is CmPossibility's, shared by 13 descendant lists (ADR 0023 decision 2/4). All 38 Abbreviation pages under Field_Descriptions were read: every one says ""the abbreviation of the name of the current <this list's item>"", and this page is the one whose wording carries no list-specific noun)"	"sha256:e54ed8b472a8782e1f9c4ff77b63498cc4a99f84a80fdb0367ff5e7844aa63ee"
"CmPossibilityList"	"Abbreviation"	"Abbreviation"	"Set the short form of a possibility list's own name, shown wherever the list itself, rather than one of its items, is identified in a compact display."	"no-source-exists"	"none (searched)"	"Searched and not found: no <comment> on the field in MasterLCModel.xml; no ContextHelp.xml item; no HelpTopicPaths.resx key for any list; and no page under User_Interface/Field_Descriptions in the compiled help — all 38 Abbreviation pages there describe a list *item's* abbreviation, and this field is the *list's own*. The absence is itself informative: FieldWorks appears never to show this field in a dialog, so there was never a field description to write. The sentence in this row is therefore unverified prose, kept only because an emitted kind must carry some text; what is established here is that no source exists to check it against, not that it is right."	""
"FsFeatDefn"	"Abbreviation"	"Abbreviation"	"This field stores an abbreviation of the name of the feature or complex feature."	"sourced"	"FieldWorks/DistFiles/Helps/FieldWorks_Language_Explorer_Help.chm"	"User_Interface/Field_Descriptions/Grammar/Inflection_Features_fields/abbreviation_field_feature_features.htm (page title: ""Abbreviation field (Features)""; found-by-search; no HelpTopicPaths.resx key exists for this class; page title ""Abbreviation field (Features)"" and its own subheading ""Abbreviation field - Inflection Feature"" name the feature-definition field, matching the harvested label ""Abbreviation"" on the MorphologyParts.xml slice FsFeatDefn-Detail-AbbreviationAllA. The parallel Phonological_Features page says the same thing for the same class in the phonology tool)"	"sha256:fd819980db15fe758dfc7d8f575113970dd3cc3926aaac0b3002e77877783b32"
"FsFeatStrucType"	"Abbreviation"	"Abbreviation"	"This field stores the abbreviation of the current named feature type."	"sourced"	"FieldWorks/DistFiles/Helps/FieldWorks_Language_Explorer_Help.chm"	"User_Interface/Field_Descriptions/Lists/Feature_Types_fields/abbreviation_field_feature_types.htm (page title: ""Abbreviation field (Feature Types)""; exact; HelpTopicPaths.resx:680, khtpField-FsFeatStrucType-Abbreviation; page title ""Abbreviation field (Feature Types)"" and the Feature Types list is FsFeatStrucType)"	"sha256:fdbf1f6a6f1260696664fa170179719e373c5d4c6e890958056839e0e616b647"
"FsFeatStrucType"	"Features"	"Features"	"The order of features will be used in the Gloss Assistant system to put feature values in the correct glossing order. For example, the user may want the FsFeatStrucType of TAM (tense aspect modality) to be ordered Aspect, Modality and Tense."	"sourced"	"liblcm/MasterLCModel.xml"	"line 1416, <rel id=""Features""> under <class id=""FsFeatStrucType"">"	"sha256:4f8622f7e4ce736df45302a5aba45ca3fe64c9c41ee8318b96714b54d896b2f2"
"FsFeatureSpecification"	"Feature"	"Feature"	"Set which grammatical feature this specification constrains, before its required value can be attached -- links a feature structure entry to the feature it names."	"no-source-exists"	"none (searched)"	"Searched and not found: no <comment> in MasterLCModel.xml on the abstract class or on any of its six concrete subclasses, no ContextHelp.xml item, no HelpTopicPaths.resx key, and the generated C# doc comment is the template's ""Gets or sets the Feature"" fallback. The structural reason is checkable and is re-checked on every build: the field is declared once, on an abstract class, and no concrete subclass redeclares it — so there is no per-class slice for FieldWorks to have documented. If a subclass ever redeclares it, this exemption fails rather than quietly continuing to apply. The sentence in this row is therefore unverified prose, kept only because an emitted kind must carry some text; what is established here is that no source exists to check it against, not that it is right."	""
"FsSymFeatVal"	"Abbreviation"	"Abbreviation"	"Each Abbreviation field stores the abbreviation of one value name."	"sourced"	"FieldWorks/DistFiles/Helps/FieldWorks_Language_Explorer_Help.chm"	"User_Interface/Field_Descriptions/Grammar/Inflection_Features_fields/Abbr_field_value_features.htm (page title: ""Abbreviation field (Value - Features)""; renamed-path; HelpTopicPaths.resx:671, khtpField-FsSymFeatVal-Abbreviation, points at Grammar/Features_fields/abbreviation_field_value_features.htm, which the shipped help tree no longer contains — the directory is now Inflection_Features_fields and the file Abbr_field_value_features.htm. Matched on title, ""Abbreviation field (Value - Features)"", whose text (""stores the abbreviation of one value name"") is the symbolic feature value's abbreviation)"	"sha256:8ccef1094a026d9b8a75af4f743fa4c8012f3458ed787b784f10a045c59ad02e"
"LexEntryInflType"	"GlossAppend"	"Append to Gloss"	"Any gloss string which will be added after the gloss of the stem."	"sourced"	"liblcm/MasterLCModel.xml"	"line 5189, <basic id=""GlossAppend""> under <class id=""LexEntryInflType"">"	"sha256:c59c5dd90b2eee21e28b7db05b073ae33786a80dd0c69af74b51e60d81b39fc8"
"LexEntryInflType"	"GlossPrepend"	"Prepend to Gloss"	"Any gloss string which will be added before the gloss of the stem."	"sourced"	"liblcm/MasterLCModel.xml"	"line 5184, <basic id=""GlossPrepend""> under <class id=""LexEntryInflType"">"	"sha256:2a026d2573dc434f98c626bcd590edc3023bbb451d953ec73e7bdaa174e3bc1e"
"LexEntryInflType"	"Slots"	"Slots"	"This indicates any slot(s) in inflectional templates which would normally be filled by an inflectional affix bearing the same inflectional feature(s) as those in InflFeats."	"sourced"	"liblcm/MasterLCModel.xml"	"line 5201, <rel id=""Slots""> under <class id=""LexEntryInflType"">"	"sha256:20be39385a5f72fceb69f45f2013c5811ef0386965bc2cc22bdd86e3e2e3a515"
"LexEntryRef"	"ComponentLexemes"	"Components"	"The UI limits this to a sequence of LexEntry or LexSense. For variants, this field points to the main entry or sense. When not hidden, this will produce a minor variant entry that always shows the main entry referenced here. This variant will always be shown in the main entry being referenced. ComponentLexemes is ignored in this case."	"sourced"	"liblcm/MasterLCModel.xml"	"line 5007, <rel id=""ComponentLexemes""> under <class id=""LexEntryRef"">"	"sha256:8c37a73a171ee444c95c64d71d22b1be0bdb18b10de28e325d8ba1dd7d25243d"
"LexEntryRef"	"VariantEntryTypes"	"Variant Type"	"This points to one or more LexEntryType items in the Variant Entry Types list for variant entries. It is unused for complex entries, although the model allows for both to be used if desirable. Normally a variant LexEntryRef will only use PrimaryLexemes to point to a single entry or sense. Entries using VariantEntryTypes will be displayed as minor entries in the dictionary; usually following the main entry headword and will typically produce a separate minor entry in the dictionary referring to the main entry. The LexEntryType is used to determine how to display the variant information in the main entry context as well as the minor entry context. The Variant Entry Types list is hierarchical with the top level being the type of variant (e.g., dialectal) and subitems being the conditions (e.g., British English, American English) for that type of variant. Normally the user will set this property to a subitem, although a top level item could be used if the user does not want to specify the condition. Each LexEntryType Abbreviation and ReverseAbbr should contain everything needed for displaying the references for this entry. Flex will not attempt to combine names from different hierarchical levels. The Abbreviation is used when displaying the main entry from the minor entry (e.g., Brit. dial. of color). The ReverseAbbr is used when displaying the minor entry from the main entry (e.g., Brit. dial. colour). This is a sequence because some minor entries can have more than one relationship to the same main entry. For example, colour is a spelling variant and a British dialectal variant. The user could use two LexEntryRefs to represent this, but it would be easier to use a single LexEntryRef with two VariantEntryTypes references."	"sourced"	"liblcm/MasterLCModel.xml"	"line 4991, <rel id=""VariantEntryTypes""> under <class id=""LexEntryRef"">"	"sha256:c30a9e6c6206c5490d0cdef4e1761dd978410d1e5146489e9a83a11abde20f98"
"LexEtymology"	"Form"	"Source Form"	"This field stores the etymon or proto form. It is the form, borrowed or inherited, from which the headword (lexeme or citation form) was derived. It may have Greek or Romanized forms."	"sourced"	"FieldWorks/DistFiles/Helps/FieldWorks_Language_Explorer_Help.chm"	"User_Interface/Field_Descriptions/Lexicon/Lexicon_Edit_fields/Entry_level_fields/Source_Form_Etymology.htm (page title: ""Source Form (Etymology)""; exact; HelpTopicPaths.resx:440, khtpField-SourceForm (not class-qualified); page full name ""Source Form"" matches this field's harvested label exactly, and the page places the field in the Etymology field set)"	"sha256:fc3b993880874f03d4185ba4f12fb8cba7ba7cd628ed7de3c597721c5cd7906c"
"LexEtymology"	"Gloss"	"Gloss"	"This field stores the gloss of the form in the Source Form field."	"sourced"	"FieldWorks/DistFiles/Helps/FieldWorks_Language_Explorer_Help.chm"	"User_Interface/Field_Descriptions/Lexicon/Lexicon_Edit_fields/Entry_level_fields/Gloss_field_Etymology.htm (page title: ""Gloss field (Etymology)""; exact; HelpTopicPaths.resx:314, khtpField-LexEtymology-Gloss; the page's own text ties it to the Source Form field, which is LexEtymology.Form)"	"sha256:2ad885dae60b8594ea0b96cfe6f351fcf76af5af6e2b0973bec5e4e6dba27657"
"LexPronunciation"	"Form"	"Pronunciation"	"This is the pronunciation usually in an approximately phonemic encoding for purposes of showing up in the printed dictionary.The pronunciation can be represented with more than one encoding."	"sourced"	"liblcm/MasterLCModel.xml"	"line 2878, <basic id=""Form""> under <class id=""LexPronunciation"">"	"sha256:47dfc16140eb4ff275977241e5ddab9733888021b25a75b5a2da6fa0a78ec4f6"
"LexSense"	"MorphoSyntaxAnalysis"	"Grammatical Info."	"The way this sense functions."	"sourced"	"FieldWorks/DistFiles/Language Explorer/Configuration/ContextHelp.xml"	"line 389, item id=""MorphoSyntaxAnalysis"" (exact; verified against LexSenseParts.xml:44, obj field=""MorphoSyntaxAnalysis"" (class LexSense is the only declarer of this field name in the model))"	"sha256:6164feb5ca6c58e2a6192a17c99c98bb2d6d3cbd9fe0ec73ab62b46409a52d2e"
"MoAdhocProhib"	"Disabled"	"Active"	"Indicates whether the rule is currently active and therefore will be used by the parser (false) or if it is not active (true) and therefore ignored by the parser (but still available for the user to see)."	"sourced"	"liblcm/MasterLCModel.xml"	"line 2981, <basic id=""Disabled""> under <class id=""MoAdhocProhib"">"	"sha256:4f9dd71dedf4cd0e517821a91948190c8b464c7b0de2668caedc5dc7a7296cf6"
"MoAffixAllomorph"	"PhoneEnv"	"Environments"	"refers to a collection of PhEnvironment objects, describing what the phonetic environment of this allomorph is."	"sourced"	"liblcm/MasterLCModel.xml"	"line 3000, <rel id=""PhoneEnv""> under <class id=""MoAffixAllomorph"">"	"sha256:1d7046749530b11d91368e17957c59429a0832cb8f216d003251762c7bd3262f"
"MoAffixAllomorph"	"Position"	"Infix Positions"	"refers to an ordered seq of PhEnvironment, encoding the position relative to the stem in which this allomorph goes (for example, before the stem, after the stem, orbetween the first two consonants of the stem)."	"sourced"	"liblcm/MasterLCModel.xml"	"line 3019, <rel id=""Position""> under <class id=""MoAffixAllomorph"">"	"sha256:f5ddc6698a4eb5a9c59f0b3af92dd99e2cec5d389d74e508c7bbb673bba252b3"
"MoAffixForm"	"InflectionClasses"	"Inflection Classes"	"refers to a collection of MoInflectionClass, giving the conjugation or declension classes to which this allomorph belongs. This supports the collapsing into allomorphs of affixes which differ only in their form and in their requirements for inflection class."	"sourced"	"liblcm/MasterLCModel.xml"	"line 3040, <rel id=""InflectionClasses""> under <class id=""MoAffixForm"">"	"sha256:22a51fb24dc0104baacd1c0a3f7feac7c202217e6a4f070ca9d5091350cfc7b1"
"MoAlloAdhocProhib"	"Allomorphs"	"Allomorphs"	"refers to a seq of MoForm objects, the co-occurrence of which is ungrammatical. Usually, there will be exactly two such allomorphs. If there are three or more allomorphs, the intended meaning is that a word is ungrammatical in which all such morphemes appear (but the co-occurrence of only some of the morphemes is not prohibited). Having only one morpheme in this attribute should be flagged as a Warning, since such a restriction can do nothing."	"sourced"	"liblcm/MasterLCModel.xml"	"line 4548, <rel id=""Allomorphs""> under <class id=""MoAlloAdhocProhib"">"	"sha256:9472756ef8612e82a0dfed9c8265b8101b26fa0b0616d8b409a3412ad559cd09"
"MoAlloAdhocProhib"	"FirstAllomorph"	"Key Allomorph"	"The primary allomorph that the constraint is about."	"sourced"	"FieldWorks/DistFiles/Language Explorer/Configuration/ContextHelp.xml"	"line 322, item id=""FirstAllomorph"" (exact; verified against MorphologyParts.xml:2313, slice field=""FirstAllomorph"" class=""...AdhocCoProhibAtomicReferenceSlice"")"	"sha256:5350383d1f4a21b7948b8bc88fccd9c93274c541689e569112e2179254f65299"
"MoAlloAdhocProhib"	"RestOfAllos"	"Other Allomorph(s)"	"The other allomorph(s) which cannot occur with the key allomorph."	"sourced"	"FieldWorks/DistFiles/Language Explorer/Configuration/ContextHelp.xml"	"line 325, item id=""RestOfAllos"" (exact; verified against ContextHelp.xml's own text (""the other allomorph(s) which cannot occur with the key allomorph"") names the same pairing as MorphologyParts.xml's FirstAllomorph/RestOfAllos slices in the same dialog)"	"sha256:590f3a71e8cb217a88fec4fda6b76d0f1b922533eae2cdc3030c5f700e577f61"
"MoCompoundRule"	"Disabled"	"Active"	"Indicates whether the rule is currently active and therefore will be used by the parser (false) or if it is not active (true) and therefore ignored by the parser (but still available for the user to see)."	"sourced"	"liblcm/MasterLCModel.xml"	"line 3125, <basic id=""Disabled""> under <class id=""MoCompoundRule"">"	"sha256:4f9dd71dedf4cd0e517821a91948190c8b464c7b0de2668caedc5dc7a7296cf6"
"MoCompoundRule"	"ToProdRestrict"	"Exception Features"	"Give the compound this rule builds its own exception classes, overriding whatever the parts carried. Left empty, an endocentric compound inherits the head's classes and an exocentric one ends up with none."	"hand-corrected"	"liblcm/MasterLCModel.xml"	"line 3119, <rel id=""ToProdRestrict""> under <class id=""MoCompoundRule"">"	"sha256:40c52530ebd76089bcb24122633d5c064a126cbbb418801b399f8a9b14d82511"
"MoCopyFromInput"	"Content"	"Content"	"refers to a PhContextOrVar in MoAffixProcess.Input of the owner of this object; the meaning is that the stretch of the input word matched by that PhContextOrVar is copied over without alteration to the output."	"sourced"	"liblcm/MasterLCModel.xml"	"line 4588, <rel id=""Content""> under <class id=""MoCopyFromInput"">"	"sha256:5b3ddb226a7fd436b2e9a49e2c3b85cc708e46ec463e5ee9988b9983bdaa952a"
"MoDerivAffMsa"	"FromInflectionClass"	"From Inflection Class"	"specifies the inflection (conjugation or declension) class which the stem to which this affix attaches must belong. In general, derivational affixes are arguably not marked for this property, so this attribute may be superfluous. However, it will certainly be necessary if non-Inflectional inflectional morphology is to be modeled using this class. (And it may turn out that some derivational affixes are sensitive to the inflectional class of their stem.)"	"sourced"	"liblcm/MasterLCModel.xml"	"line 3164, <rel id=""FromInflectionClass""> under <class id=""MoDerivAffMsa"">"	"sha256:6f83b2ad3249db609b26c94da6567d184086f3e84a12e7d76757f067b484fdcc"
"MoDerivAffMsa"	"FromPartOfSpeech"	"From Category"	"specifies the category of the stem to which this affix attaches. See comments above on the ""Unitary Base Hypothesis."" Note also that in AMPLE, it is possible to map a series of categories into another series of categories; that capability is not defined here. If the parts of speech list is hierarchical, the problem could be partially circumvented by specifying an abstract category in this attribute. However, that would not solve the problem of mapping the output category, because at best we could specify more than a single output category."	"sourced"	"liblcm/MasterLCModel.xml"	"line 3152, <rel id=""FromPartOfSpeech""> under <class id=""MoDerivAffMsa"">"	"sha256:f397b600a187d84186682cc6960f39620e95844cda8fad3763261c4316c8d965"
"MoDerivAffMsa"	"FromProdRestrict"	"From Exception Features"	"Restrict this derivational affix to stems that already carry every exception class listed here -- the textbook case is English -ity attaching only to [+Latinate] stems, giving felicity and vivacity but not *widity. A stem may carry more classes than are listed but not fewer; leaving this empty lets the affix attach whatever exception classes the stem has."	"hand-corrected"	"liblcm/MasterLCModel.xml"	"line 3196, <rel id=""FromProdRestrict""> under <class id=""MoDerivAffMsa"">"	"sha256:e716bde4d4b322d85d38c02041c0128feda89ad222ed58562887d5db3dc22de3"
"MoDerivAffMsa"	"FromStemName"	"From Stem Allomorph Label"	"FromStemName: refers to an MoStemName, telling the stem to which this affix attaches. If this attr is empty, this affix attaches to the default stem of an MoStemMsa, as given by the vDefaultStems attr. (The vDefaultStems attr is a seq attr, to allow for a choice based on phonological constraints; in the absence of phonologically conditioned stem selection, there should be only one default stem.)"	"sourced"	"liblcm/MasterLCModel.xml"	"line 3185, <rel id=""FromStemName""> under <class id=""MoDerivAffMsa"">"	"sha256:c6d27abd399588025138bdec7d40e895f60a2ad59c8893c12a11b90271f87f90"
"MoDerivAffMsa"	"ToInflectionClass"	"To Inflection Class"	"specifies the inflection (conjugation or declension) class which the word derived from this affix attaches belongs."	"sourced"	"liblcm/MasterLCModel.xml"	"line 3170, <rel id=""ToInflectionClass""> under <class id=""MoDerivAffMsa"">"	"sha256:df7d4d568fcc6920e2a1cc4e9f01154cabe48ef2be17d1b6a432abc3f1e5937c"
"MoDerivAffMsa"	"ToPartOfSpeech"	"To Category"	"specifes the category(PartOfSpeech) of the word resulting from the attachment of this affix."	"sourced"	"liblcm/MasterLCModel.xml"	"line 3158, <rel id=""ToPartOfSpeech""> under <class id=""MoDerivAffMsa"">"	"sha256:09186e39101fdda4db1a5fee5b22bc94162f9943168e31097dfb068216129c5a"
"MoDerivAffMsa"	"ToProdRestrict"	"To Exception Features"	"Give the stem this derivational affix produces its own exception classes, so that affixes attaching later see the derived form as a member of them. This is what the output carries, not a condition on the input."	"hand-corrected"	"liblcm/MasterLCModel.xml"	"line 3202, <rel id=""ToProdRestrict""> under <class id=""MoDerivAffMsa"">"	"sha256:34fd941cea21aec3a30fa5ce487f212d16d3afeea4ddd4dcfadd5e210bce02e1"
"MoEndoCompound"	"HeadLast"	"Right Headed"	"owns a Boolean, defaulting to true (meaning that the right-hand constituent is the head)."	"sourced"	"liblcm/MasterLCModel.xml"	"line 3255, <basic id=""HeadLast""> under <class id=""MoEndoCompound"">"	"sha256:7f3dcf92be3e5a23ca1bb4c705a2b4e6da8f0db940436c73b1950037d64f6828"
"MoInflAffMsa"	"FromProdRestrict"	"From Exception Features"	"Restrict this inflectional affix to stems that already carry every exception class listed here. A stem may carry further classes but not fewer, and an empty list means the affix ignores exception classes altogether."	"hand-corrected"	"liblcm/MasterLCModel.xml"	"line 3450, <rel id=""FromProdRestrict""> under <class id=""MoInflAffMsa"">"	"sha256:8679dc1a75a956b141722cd871863ff21087aa230f58b8703e2a1477bb4a114e"
"MoInflAffMsa"	"PartOfSpeech"	"Category"	"Set which part of speech this inflectional affix attaches to, so the parser only offers it for stems already assigned to that category."	"unsourced"	""	""	""
"MoInflAffMsa"	"Slots"	"Slots"	"This field references and displays the Slot Name of one or more affix slots for the associated category. When you add an inflectional affix to a slot in an affix template table in Category Edit (Grammar), that slot will appear in this field."	"sourced"	"FieldWorks/DistFiles/Helps/FieldWorks_Language_Explorer_Help.chm"	"User_Interface/Field_Descriptions/Lexicon/Lexicon_Edit_fields/Grammatical_Info_Details_fields/Slots_field.htm (page title: ""Slots field (Lexicon Edit)""; exact; HelpTopicPaths.resx:488, khtpField-MoInflAffMsa-Slots; page full name ""Slots"" matches the harvested label, and the page describes the Grammatical Info Details level where this class's slices live)"	"sha256:53d203b890d9335ac69b2dfb60181910f1008c457b7df630313296b351a2bed8"
"MoInflAffixSlot"	"Optional"	"Optional"	"Optional: Boolean, default False. A value of true indicates that this slot is optional and therefore does not have to appear. This is not intended for slots which have what might be called a zero morpheme-see the discussion of the 'Affixes' attribute immediately above. Rather, this attribute is intended for the situation in which a language optionally marks some feature-value combinations. For example, in Tzeltal the plurality of a noun is only optionally marked: a suffix indicates that the noun is plural, but the absence of a plural suffix does not mean the noun is necessarily singular. For this situation, an optional slot containing the plural morpheme would be appropriate."	"sourced"	"liblcm/MasterLCModel.xml"	"line 3330, <basic id=""Optional""> under <class id=""MoInflAffixSlot"">"	"sha256:c88e06ec8988f34916328220fe23d1997232955e9e8a7d354567fd9a0964afe0"
"MoInflAffixTemplate"	"Disabled"	"Active"	"Indicates whether the template is currently active and therefore will be used by the parser (false) or if it is not active (true) and therefore ignored by the parser (but still available for the user to see)."	"sourced"	"liblcm/MasterLCModel.xml"	"line 3401, <basic id=""Disabled""> under <class id=""MoInflAffixTemplate"">"	"sha256:8f3a7ba0b45e6b6d38c21b95e67774f070441a4b67890d4cd0d5c55b96be80b2"
"MoInflAffixTemplate"	"Final"	"Requires more derivation"	"In languages like Quechua, one can inflect a verb stem with all but tense. Instead one adds a derivational affix (participle) which creates a noun. The resulting stem is then inflected like a noun."	"sourced"	"liblcm/MasterLCModel.xml"	"line 3393, <basic id=""Final""> under <class id=""MoInflAffixTemplate"">"	"sha256:78cb556f99bb60359edf06a683ed91e1b9af48e8534c23e54a283a8cb1fb147f"
"MoInflAffixTemplate"	"PrefixSlots"	"Prefix Slots"	"refers to an ordered seq of MoInflAffixSlot, i.e. those slots which correspond (roughly) to prefixes. The order is from the innermost affix out, i.e. right-to-left."	"sourced"	"liblcm/MasterLCModel.xml"	"line 3378, <rel id=""PrefixSlots""> under <class id=""MoInflAffixTemplate"">"	"sha256:7bb8345c5830a50038d140811496f07b430886621b24f129d85787499a3660cc"
"MoInflAffixTemplate"	"SuffixSlots"	"Suffix Slots"	"refers to an ordered seq of MoInflAffixSlot, i.e. those slots which correspond (roughly) to suffixes. The order is from the innermost affix out, i.e. left-to-right. See discussion re PrefixSlots concerning other types of affixes."	"sourced"	"liblcm/MasterLCModel.xml"	"line 3388, <rel id=""SuffixSlots""> under <class id=""MoInflAffixTemplate"">"	"sha256:29ae72f1be520b89d30ba4eeabfab31e04c041fb2953d0c90d7be0306557a47a"
"MoInflClass"	"Abbreviation"	"Abbreviation"	"a multiUnicode string, storing an abbreviated form of the Name. Probably useful for displays. Probably defaults to the first eight or so chars of the Name."	"sourced"	"liblcm/MasterLCModel.xml"	"line 3469, <basic id=""Abbreviation""> under <class id=""MoInflClass"">"	"sha256:dc362a16fcd8c95b023af7c8f9eb9813c7ab1b05670ef03e91190eef897355d4"
"MoInsertNC"	"Content"	"Content"	"refers to a PhNaturalClass to be added into the output at this position."	"sourced"	"liblcm/MasterLCModel.xml"	"line 4019, <rel id=""Content""> under <class id=""MoInsertNC"">"	"sha256:188bb8f5ecac840e637bf871e23280f395d37ba03b76c6a92ca3205eddb50deb"
"MoInsertPhones"	"Content"	"Content"	"refers to an ordered seq of PhPhonemes and/or PhBdryMarkers (thus the signature is the superclass PhTerminalUnit)."	"sourced"	"liblcm/MasterLCModel.xml"	"line 4007, <rel id=""Content""> under <class id=""MoInsertPhones"">"	"sha256:f764e080839c9c1aba0bad985428b28e2a492e49d576598e0bfcfe0a2addd530"
"MoModifyFromInput"	"Content"	"Content"	"refers to a PhContextOrVar from the input of the MoAffixProcess owning this object; the meaning is that the stretch of the input word matched by that PhContextOrVar is copied over to the output, but modified in accordance with the modification attribute. Typically, this will be a single phoneme, which is modified by the addition of one or two features (e.g. by being palatalized)."	"sourced"	"liblcm/MasterLCModel.xml"	"line 4031, <rel id=""Content""> under <class id=""MoModifyFromInput"">"	"sha256:1a964cbb2ab5cf850b76c44b2c1f2447f0a18413e3e8e9a0cf4150bc25026429"
"MoModifyFromInput"	"Modification"	"Modification"	"refers to an PhNCFeatures object, specifying the features to be added to the phonemes matched by the content to give a portion of the output."	"sourced"	"liblcm/MasterLCModel.xml"	"line 4036, <rel id=""Modification""> under <class id=""MoModifyFromInput"">"	"sha256:993fd8c9ad0622a395cefe368958a6ab50fdd64cbbf39cfb5536eeee222ec4d6"
"MoMorphAdhocProhib"	"FirstMorpheme"	"Key Morpheme"	"The primary morpheme that the constraint is about."	"sourced"	"FieldWorks/DistFiles/Language Explorer/Configuration/ContextHelp.xml"	"line 328, item id=""FirstMorpheme"" (exact; verified against parallel construction to FirstAllomorph, for the morpheme-level rather than allomorph-level co-occurrence restriction)"	"sha256:2505150cabb2cd8578cb13302cc25a936f67f462878d4a4d21744425e55bf006"
"MoMorphAdhocProhib"	"RestOfMorphs"	"Other Morpheme(s)"	"The other morpheme(s) which cannot occur with the key morpheme."	"sourced"	"FieldWorks/DistFiles/Language Explorer/Configuration/ContextHelp.xml"	"line 331, item id=""RestOfMorphs"" (exact; verified against parallel construction to RestOfAllos)"	"sha256:24e6cfd4467432e9dfb37592a02c15f45261128a9466d6fcc9454f9f1ea7e32a"
"MoStemAllomorph"	"PhoneEnv"	"Environments"	"refers to a collection of PhEnvironment objects, describing what the phonetic environment of this allomorph is."	"sourced"	"liblcm/MasterLCModel.xml"	"line 3667, <rel id=""PhoneEnv""> under <class id=""MoStemAllomorph"">"	"sha256:1d7046749530b11d91368e17957c59429a0832cb8f216d003251762c7bd3262f"
"MoStemAllomorph"	"StemName"	"Stem Allomorph Label"	"refers to a MoStemName. Ordinarily, only one allomorph of any given stem will bear a given stem name, but this may not be true if there are phonologically conditioned allomorphs as well. If this attribute is empty, this stem is used as the default stem for the paradigm."	"sourced"	"liblcm/MasterLCModel.xml"	"line 3675, <rel id=""StemName""> under <class id=""MoStemAllomorph"">"	"sha256:fd1e831249370b9667534b0dcb0dc44f24a831eca9161f6cec676a1cbd8f4f4b"
"MoStemMsa"	"FromPartsOfSpeech"	"Attaches to Categories"	"The FromPartsOfSpeech lists the categories (POSes) of words that this clitic may attach to. It can delimit a subset of categories if need be or it can be empty."	"sourced"	"liblcm/MasterLCModel.xml"	"line 2561, <rel id=""FromPartsOfSpeech""> under <class id=""MoStemMsa"">"	"sha256:e0d34a3e1612ea4d6254ec139116eb43b52dee2e0b76851629b9652e290b4cde"
"MoStemMsa"	"InflectionClass"	"Inflection Class"	"refers to an MoInflectionClass (i.e. a conjugation or declension class). If none is listed, PartOfSpeech.vDefaultInflectionClass is used. If there is no vDefaultInflectionClass, then there are presumably no inflection classes (since the default value for vDefaultInflectionClass is the first inflection class of the paradigm). The assumption here is that inflection class membership is essentially an arbitrary label, i.e. that the inflection class membership of a stem cannot and should not be defined by a set of stem allomorphs or lists of 'principal parts' (see discussion in Carstairs-McCarthy 1998b: 332-334)."	"sourced"	"liblcm/MasterLCModel.xml"	"line 2544, <rel id=""InflectionClass""> under <class id=""MoStemMsa"">"	"sha256:c75b6818ff10af43fe9f129e94efe3cad13b8f7212d2baeb3e1cc96e9747c4c8"
"MoStemMsa"	"PartOfSpeech"	"Category"	"Most users will be more familiar with the notion of PartOfSpeech or morphosyntactic category than the notion of the object MorphoSyntacticInformation. This attribute, PartOfSpeech, stores the reference to the PartOfSpeech."	"sourced"	"liblcm/MasterLCModel.xml"	"line 2539, <rel id=""PartOfSpeech""> under <class id=""MoStemMsa"">"	"sha256:8d00c0b081c14af7f1747f8a68d06679ec1b2d6da093adf2aa83935930240c36"
"MoStemMsa"	"ProdRestrict"	"Exception Features"	"Mark this stem as belonging to one or more exception classes -- English [+Latinate] is the standard example -- so that affixes which require that class will attach to it. Exception classes are deliberately invisible to syntax; they exist so a few choosy affixes can accept some stems and not others where inflection class cannot express the split."	"hand-corrected"	"liblcm/MasterLCModel.xml"	"line 2555, <rel id=""ProdRestrict""> under <class id=""MoStemMsa"">"	"sha256:f2e0179f07df9d3a95016a42da00db12a203214b530ead6b1aeda841aaa62b8c"
"MoStemMsa"	"Slots"	"Slots"	"The Slots property applies only to clitics and refers to the inflectional affix slots in affix templates."	"sourced"	"liblcm/MasterLCModel.xml"	"line 2566, <rel id=""Slots""> under <class id=""MoStemMsa"">"	"sha256:7a44c2bb98ca25a5893b74a465678421c66b9fb998698f19491f9d3bf4a9ca28"
"MoStemName"	"Abbreviation"	"Abbreviation"	"a multiUnicode string, storing an abbreviated form of the Name. Probably useful for displays. Probably defaults to the first eight or so chars of the Name &#xA &#xD Another test."	"sourced"	"liblcm/MasterLCModel.xml"	"line 3694, <basic id=""Abbreviation""> under <class id=""MoStemName"">"	"sha256:ed7fa14bc3e1bec01d17d3e29dca7b09d5041fca2030796b20367c0a741ff258"
"MoStratum"	"Abbreviation"	"Abbreviation"	"stores an abbreviated form of the Name. Probably useful for displays. Probably defaults to the first eight or so chars of the Name."	"sourced"	"liblcm/MasterLCModel.xml"	"line 3740, <basic id=""Abbreviation""> under <class id=""MoStratum"">"	"sha256:e3995d918350889176aaad6d46b60785525978bc630781e22d7255e0b3b878e1"
"MoUnclassifiedAffixMsa"	"PartOfSpeech"	"Category"	"Set the part of speech recorded for an affix whose full grammatical behaviour has not yet been analysed, so the parser has at least a category to reason with until a fuller analysis replaces this placeholder."	"unsourced"	""	""	""
"PartOfSpeech"	"DefaultInflectionClass"	"Default Inflection Class"	"refers to one of the classes in vAllInflectionClasses; defaults to the first MoInflectionClasses in vAllInflectionClasses (which would be the first class defined for this part of speech; this choice makes sense, i.e. the default is likely to be the largest inflection class, not a subclass of some class.) According to Wurzel (as described in Carstairs-McCarthy 1998b), the default class is the Inflection Class to which newly coined lexemes are usually assigned, to which lexemes from other classes 'drift' in the process of historical change, and the class to which children tend to assign lexemes before they learn the correct class. For our purposes, however, it may be simpler just to think of the default class as being the largest class numerically, i.e. the class to which words in the lexical database are assigned as a first guess."	"sourced"	"liblcm/MasterLCModel.xml"	"line 3849, <rel id=""DefaultInflectionClass""> under <class id=""PartOfSpeech"">"	"sha256:d64042ccd2a1458478be83f720c67a3fd28e8d0ee51fb7e5072c3f225a1b0a93"
"PhCode"	"Representation"	"Grapheme"	"One way this phoneme surfaces."	"sourced"	"FieldWorks/DistFiles/Language Explorer/Configuration/ContextHelp.xml"	"line 302, item id=""Representation"" (exact; verified against MorphologyParts.xml:2979, slice field=""Representation"" label=""Grapheme"" — label matches the already-harvested fieldworks-labels.tsv row for PhCode.Representation exactly)"	"sha256:eea0709fd20d5b5729b751d9492aae2c6a6e046701e025c8db6fefee84212e53"
"PhFeatureConstraint"	"Feature"	"Feature"	"refers to an FsFeatureDefnPhFeatureNode, the feature with respect to which the constraint ensures agreement (or disagreement).The use of an atomic attr, rather than a seq attr, emulates to a certain extent the insight of autosegmental phonology and feature geometry that a rule can change (or refer to in the environment) only a single feature node. Note however that the fact that the feature can be a nonterminal feature (an FsComplexFeature), allows agreement with respect to a number of features dominated by a single node (e.g. a place of articulation feature, which might dominate the features labial, coronal, and back)."	"sourced"	"liblcm/MasterLCModel.xml"	"line 4418, <rel id=""Feature""> under <class id=""PhFeatureConstraint"">"	"sha256:f7a5134d69e4243b8df9ebfa5f37222fa6139f8f5bbb7cbdfcc75a9ce8957e80"
"PhIterationContext"	"Member"	"Member"	"a PhPhonologicalContext (but not normally another PhIterationContext)"	"sourced"	"liblcm/MasterLCModel.xml"	"line 4239, <rel id=""Member""> under <class id=""PhIterationContext"">"	"sha256:05cbfd65ee60b27fb83a8ba9f2a1d35a056c28673ffaf068a161fc6fca76681a"
"PhNCSegments"	"Segments"	"Phonemes"	"refers to a collection seq of PhPhoneme, which are interpreted as the members of this class."	"sourced"	"liblcm/MasterLCModel.xml"	"line 4406, <rel id=""Segments""> under <class id=""PhNCSegments"">"	"sha256:50b014e70891471491ab3edf6cc3140009f71dc5c068893ca1b2f570dbcddbef"
"PhNaturalClass"	"Abbreviation"	"Abbreviation"	"The abbreviation for this natural class."	"sourced"	"FieldWorks/DistFiles/Language Explorer/Configuration/ContextHelp.xml"	"line 308, item id=""NaturalClassAbbreviation"" (ambiguous-wiring; verified against translated into 5 locales (Localizations/l10ns/*/strings-*.xml), so the string is almost certainly live, but no direct field=""Abbreviation"" slice with this help id nor a C# HelpKeyword literal was found by static search — the runtime binding could not be confirmed, only the content's unambiguous subject (""the abbreviation for this natural class""))"	"sha256:7d4952b6e761bb5a09244c5be7f1bfb9dcda52e19bce16ad3181eeb1a626890f"
"PhSegRuleRHS"	"ExclRuleFeats"	"Excluded Properties"	"This refers to a set of rule features (which are a possibility list)."	"sourced"	"liblcm/MasterLCModel.xml"	"line 5141, <rel id=""ExclRuleFeats""> under <class id=""PhSegRuleRHS"">"	"sha256:a64f7151f450054961fc103eaa8ce1f64e74bfc6caa7c8c88d403624d2791640"
"PhSegRuleRHS"	"InputPOSes"	"Required Categories"	"When present, this limits the rule application to apply only when the input is for one of the Parts of Speech given in the collection."	"sourced"	"liblcm/MasterLCModel.xml"	"line 5135, <rel id=""InputPOSes""> under <class id=""PhSegRuleRHS"">"	"sha256:acec19f9da8ed6461286b79e607df355baa0e60d971004262ef534b0b7124228"
"PhSegRuleRHS"	"ReqRuleFeats"	"Required Properties"	"These are required rule features. This collection refers to a set of rule features (which are a possibility list)."	"sourced"	"liblcm/MasterLCModel.xml"	"line 5150, <rel id=""ReqRuleFeats""> under <class id=""PhSegRuleRHS"">"	"sha256:6f559787e396a11def08733b06eb6ec618f5abe90637f8d1dd1e8e452b9144f5"
"PhSegmentRule"	"Disabled"	"Active"	"Indicates whether the rule is currently active and therefore will be used by the parser (false) or if it is not active (true) and therefore ignored by the parser (but still available for the user to see)."	"sourced"	"liblcm/MasterLCModel.xml"	"line 5081, <basic id=""Disabled""> under <class id=""PhSegmentRule"">"	"sha256:4f9dd71dedf4cd0e517821a91948190c8b464c7b0de2668caedc5dc7a7296cf6"
"PhSequenceContext"	"Members"	"Members"	"an ordered seq of PhPhonologicalContext (but not normally another PhSequenceContext)"	"sourced"	"liblcm/MasterLCModel.xml"	"line 4251, <rel id=""Members""> under <class id=""PhSequenceContext"">"	"sha256:704a6dcbbf2ea280952f489648db964957b22f7bec7caa29c188df67c0925204"
"PhSimpleContextBdry"	"FeatureStructure"	"Boundary"	"Allows the user to write phonological rules that are sensitive to a particular boundary marker (as opposed to a phoneme or a class of phonemes)."	"adapted"	"liblcm/MasterLCModel.xml"	"line 4294, <rel id=""FeatureStructure""> under <class id=""PhSimpleContextSeg""> — the SIBLING field PhSimpleContextSeg.FeatureStructure, adapted by replacing ""a particular phoneme (as opposed to a class of phonemes)"" with ""a particular boundary marker (as opposed to a phoneme or a class of phonemes)"". Licensed by the abstract parent PhSimpleContext's own class comment (MasterLCModel.xml line 4258): ""The subclasses define simple contexts in terms of natural classes..., phonemes, and boundary markers... All subclasses define a featureStructure attr, but they do so differently for each class."" The model states that these three fields are one concept differing in one dimension, which is what the substitution encodes. The substitution is re-applied to that field's current source text on every refresh, and fails if the clause is no longer there."	"sha256:c948b5274853b43db38781f0485fd0228336e9be216a3d6776920b04b4d40edb"
"PhSimpleContextNC"	"FeatureStructure"	"Natural Class"	"Allows the user to write phonological rules that are sensitive to a natural class of phonemes (as opposed to one particular phoneme)."	"adapted"	"liblcm/MasterLCModel.xml"	"line 4294, <rel id=""FeatureStructure""> under <class id=""PhSimpleContextSeg""> — the SIBLING field PhSimpleContextSeg.FeatureStructure, adapted by replacing ""a particular phoneme (as opposed to a class of phonemes)"" with ""a natural class of phonemes (as opposed to one particular phoneme)"". Licensed by the abstract parent PhSimpleContext's own class comment (MasterLCModel.xml line 4258): ""The subclasses define simple contexts in terms of natural classes..., phonemes, and boundary markers... All subclasses define a featureStructure attr, but they do so differently for each class."" The model states that these three fields are one concept differing in one dimension, which is what the substitution encodes. The substitution is re-applied to that field's current source text on every refresh, and fails if the clause is no longer there."	"sha256:c948b5274853b43db38781f0485fd0228336e9be216a3d6776920b04b4d40edb"
"PhSimpleContextNC"	"MinusConstr"	"Negative Constraints"	"refers to a collection seq of PhFeatureConstraints; see discussion under the plusConstraints attr. A feature in question is required to have opposite value from a plusConstraint elsewhere in the rule, and thus makes sense only if a constraint with the same value appears elsewhere in the rule.See implementation comments under plusConstraints."	"sourced"	"liblcm/MasterLCModel.xml"	"line 4281, <rel id=""MinusConstr""> under <class id=""PhSimpleContextNC"">"	"sha256:b9cc596c00fa9133de39b27748bd50a8d829065e25fa7c4b75587fe32ed941f4"
"PhSimpleContextNC"	"PlusConstr"	"Positive Constraints"	"Refers to a collection seq of PhFeatureConstraint. The use of a plusConstraint only makes sense if there are two or more contexts in a rule that make use of the same constraint. If two such constraints occur in the environment of the rule (treating the input as part of the environment), then the feature referred to by the constraint is required to have the same value in every place where the word matches the pattern. For example, if a plusConstraint for the feature voiced appears on two adjacent consonant contexts in a rule, then the word being matched must have two adjacent consonants with identical voicing. If one of the constraints is in the environment and one in the output of the rule, then the effect is that of a rule of assimilation: in the form output by the rule, the phoneme affected by the rule will have the same value as the value on the phoneme matched by the environment.This attribute is not intended to be implemented immediately, but is included here for completeness (since it is apparently difficult to add new attributes once a COM interface has been defined).Note that although this attr is defined as a collection seq (not an ordered seq), the order is assumed to be stable. Otherwise the labels used in SPE-style rules would be subject to change. On the other hand, the use of a seq attr here may be overkill; from a linguistic standpoint, a single constraint (plus or minus) might be adequate."	"sourced"	"liblcm/MasterLCModel.xml"	"line 4275, <rel id=""PlusConstr""> under <class id=""PhSimpleContextNC"">"	"sha256:2ac6c36562300a1bcc42b8976df0ffb22edefa85cd7c6a6d9d8322267af36da9"
"PhSimpleContextSeg"	"FeatureStructure"	"Phoneme"	"Allows the user to write phonological rules that are sensitive to a particular phoneme (as opposed to a class of phonemes)."	"sourced"	"liblcm/MasterLCModel.xml"	"line 4294, <rel id=""FeatureStructure""> under <class id=""PhSimpleContextSeg"">"	"sha256:c948b5274853b43db38781f0485fd0228336e9be216a3d6776920b04b4d40edb"
"ReversalIndexEntry"	"PartOfSpeech"	"Reversal Category"	"This field references and displays the name of a grammatical category from a Reversal Index Categories list, which indicates the grammatical category of the Form field content."	"sourced"	"FieldWorks/DistFiles/Helps/FieldWorks_Language_Explorer_Help.chm"	"User_Interface/Field_Descriptions/Lexicon/Reversal_Indexes_fields/category_field.htm (page title: ""Reversal Category field""; exact; HelpTopicPaths.resx:500, khtpField-ReversalIndexEntry-PartOfSpeech; page full name ""Reversal Category"" matches this field's harvested label exactly)"	"sha256:e2a904a3d6e977cfdd49d235132f71593a15f8575f82c9b367d3ce389d1e29e9"
"ReversalIndexEntry"	"Senses"	"Referenced Senses"	"This field references one or more lexical senses or subsenses, and displays content from the following fields:"	"sourced"	"FieldWorks/DistFiles/Helps/FieldWorks_Language_Explorer_Help.chm"	"User_Interface/Field_Descriptions/Lexicon/Reversal_Indexes_fields/senses_field.htm (page title: ""Referenced Senses field""; exact; HelpTopicPaths.resx:506, khtpField-ReversalIndexEntry-ReferringSenses — a key name the model does not use. Confirmed by label rather than by name: the page's full name is ""Referenced Senses"", which is exactly this field's harvested label (ReversalParts.xml, part ReversalIndexEntry-Detail-CurrentSenses))"	"sha256:0552f7dd4155ed11ac921e41b18c04ffffae40b4d0c329c704d2ef0a1247fdba"
"StText"	"RightToLeft"	"Right to left"	"Specifies whether the overall document direction for this structured text is right-to-left (true) or not (false)."	"sourced"	"liblcm/MasterLCModel.xml"	"line 484, <basic id=""RightToLeft""> under <class id=""StText"">"	"sha256:445d9ef25a1e86795fb2bb510ac88a8239d1a649404dec630e873a71e5adea07"
"WfiWordform"	"SpellingStatus"	"Spelling Status"	"The current status of a wordform (e.g. undecided, correct, incorrect). This will be used to display and allow the changing of a word's status in the concordance view of the translation editor."	"sourced"	"liblcm/MasterLCModel.xml"	"line 3965, <basic id=""SpellingStatus""> under <class id=""WfiWordform"">"	"sha256:1954e07bff7f1d13758a8bde64270ab7979ba89fed3e4037a49293fa383ce32a"
"MoStemMsa"	"MsFeatures"	"Ms Features"	"Gives any morphosyntactic features belonging to the stem in addition to those specified by PartOfSpeech.InherentFeatureValues. In most cases, there will be none, but this attribute may be useful for exceptional words (such as the pluralia tantum words pants and scissors, which are grammatically plural even though the default for English nouns is singular). The features are restricted to those in vAllPossibleFeatures of my PartOfSpeech."	"sourced"	"liblcm/MasterLCModel.xml"	"line 2528, <owning id=""MsFeatures""> under <class id=""MoStemMsa"">"	"sha256:334c02167a66fc0fbd404a6afd8af880477a3ac2b7c5cad9b2fc1422d78c4f38"
"PhPhonData"	"PhonemeSets"	"Phoneme sets"	"Defines the inventory in which phonemes and boundary markers are owned; the parser uses the first set."	"unsourced"	""	""	""
"PhPhonemeSet"	"BoundaryMarkers"	"Boundary markers"	"Declares explicit separators such as the morpheme boundary, each with a grapheme code."	"unsourced"	""	""	""
"PhPhonemeSet"	"Phonemes"	"Phonemes"	"Adds a segment identity to the sound inventory before giving it grapheme codes and phonological features."	"unsourced"	""	""	""
"PhTerminalUnit"	"Codes"	"Grapheme codes"	"Gives a phoneme or boundary marker an explicit written representation in the phoneme table."	"unsourced"	""	""	""
"PhPhonData"	"NaturalClasses"	"Natural classes"	"Adds a segment list or feature description that can be referenced by an environment or phonological rule."	"unsourced"	""	""	""
"PhPhonData"	"Contexts"	"Rule contexts"	"Owns supported context objects used by phonological rules. Pool order has no meaning; rules refer to contexts by identity."	"unsourced"	""	""	""
"PhPhonData"	"Environments"	"Environments"	"Adds a condition on neighbouring sounds that can restrict an allomorph."	"unsourced"	""	""	""
"PhPhonData"	"PhonRules"	"Rewrite Rules"	"Places a sound rule in the ordered sequence that determines how rules interact."	"unsourced"	""	""	""
"PhRegularRule"	"RightHandSides"	"Rule Right-Hand Side"	"Adds one right-hand side owned by a regular rewrite rule."	"unsourced"	""	""	""
"PhSegRuleRHS"	"LeftContext"	"Left Context"	"Adds the supported context that must hold before the rule's changed sequence."	"unsourced"	""	""	""
"PhSegRuleRHS"	"RightContext"	"Right Context"	"Adds the supported context that must hold after the rule's changed sequence."	"unsourced"	""	""	""
"PhSegRuleRHS"	"StrucChange"	"Output Contexts"	"Adds the ordered output sequence for a rule result. An empty sequence represents deletion."	"unsourced"	""	""	""
"PhSegmentRule"	"StrucDesc"	"Input Contexts"	"Adds the ordered input sequence that a rewrite rule matches. An empty sequence represents insertion."	"unsourced"	""	""	""
"PhSegmentRule"	"Direction"	"Rule Direction"	"Chooses the scan direction and application mode for a segment rewrite rule."	"unsourced"	""	""	""
"PhSegmentRule"	"Name"	"Rule Name"	"Names a sound rule so a linguist can distinguish it from other rules."	"unsourced"	""	""	""
"PhNCFeatures"	"Features"	"Class features"	"Defines the phonological feature values that determine membership in a natural class."	"unsourced"	""	""	""
"PhPhoneme"	"Features"	"Phoneme features"	"Defines the phonological feature values borne by one segment."	"unsourced"	""	""	""
"PhTerminalUnit"	"Name"	"Phoneme name"	"Names a phoneme or boundary marker independently of its written grapheme codes."	"unsourced"	""	""	""
"PhNaturalClass"	"Name"	"Natural class name"	"Describes a natural class for the linguist independently of the abbreviation used in environment strings."	"unsourced"	""	""	""
"PhEnvironment"	"Name"	"Environment name"	"Describes a sound context for the linguist independently of its parser-visible string."	"unsourced"	""	""	""
"PhEnvironment"	"StringRepresentation"	"Environment pattern"	"Restricts an allomorph with a left and right context separated by the underscore in a slash-prefixed string."	"unsourced"	""	""	""
"FsClosedValue"	"Value"	"Feature value"	"Chooses one symbolic value for a closed feature specification."	"unsourced"	""	""	""
"RnResearchNbk"	"Records"	"Notebook Records"	"Creates the top-level Notebook record for one human judgment revision."	"unsourced"	""	""	""
"RnGenericRec"	"Description"	"Judgment Description"	"Owns the readable description text for one human judgment revision."	"unsourced"	""	""	""
"RnGenericRec"	"Title"	"Judgment Title"	"Gives one human judgment revision a short readable label."	"unsourced"	""	""	""
"RnGenericRec"	"Type"	"Judgment Record Type"	"Places a human judgment revision in an existing Notebook record type list."	"unsourced"	""	""	""
"StText"	"Paragraphs"	"Judgment Description Paragraphs"	"Creates the paragraph that carries a human judgment revision description."	"unsourced"	""	""	""
"StTxtPara"	"Contents"	"Judgment Description Contents"	"Carries the readable explanation shown in a judgment revision description."	"unsourced"	""	""	""
"MoInflAffixSlot"	"Name"	"Slot Name"	"Names this inflectional slot in the category's grammar and in affix membership choices."	"unsourced"	""	""	""
"MoInflAffixTemplate"	"Name"	"Template Name"	"Names this template for display in its category's affix-template list."	"unsourced"	""	""	""
"PartOfSpeech"	"AffixSlots"	"Affix Slots"	"Creates inflectional slots owned by this category."	"unsourced"	""	""	""
"PartOfSpeech"	"AffixTemplates"	"Affix Templates"	"Adds a template to the category's ordered sequence of inflectional templates."	"unsourced"	""	""	""
