id	sentence	english	gloss_or_features	source	licence
tatoeba-1280708	Onu sadece adıyla biliyorum.	I know him only by name.		Tatoeba #1280708 (duran); English #260754 (CK); https://tatoeba.org/en/sentences/1280708; https://tatoeba.org/en/sentences/260754	CC BY 2.0 FR
tatoeba-1285396	Ciddi bir hata yaptım.	I made a serious mistake.		Tatoeba #1285396 (duran); English #258527 (CK); https://tatoeba.org/en/sentences/1285396; https://tatoeba.org/en/sentences/258527	CC BY 2.0 FR
tatoeba-1294472	Ben konuşacak birini istiyorum.	I want someone to talk to.		Tatoeba #1294472 (duran); English #40418 (CK); https://tatoeba.org/en/sentences/1294472; https://tatoeba.org/en/sentences/40418	CC BY 2.0 FR
tatoeba-1351651	Bir köpek parkta koşuyor.	A dog is running in the park.		Tatoeba #1351651 (duran); English #73041 (CK); https://tatoeba.org/en/sentences/1351651; https://tatoeba.org/en/sentences/73041	CC BY 2.0 FR
tatoeba-13717134	Tüm elmalar kırmızı.	All apples are red.		Tatoeba #13717134 (vowelharmony); English #1123550 (shekitten); https://tatoeba.org/en/sentences/13717134; https://tatoeba.org/en/sentences/1123550	CC BY 2.0 FR
tatoeba-13764684	Kendimi görüyorum aynada.	I see myself in the mirror.		Tatoeba #13764684 (carlosalberto); English #7925080 (adiante19); https://tatoeba.org/en/sentences/13764684; https://tatoeba.org/en/sentences/7925080	CC BY 2.0 FR
tatoeba-13767251	Bir plan yaptım.	I made a plan.		Tatoeba #13767251 (haciahmet); English #12908520 (Asif); https://tatoeba.org/en/sentences/13767251; https://tatoeba.org/en/sentences/12908520	CC BY 2.0 FR
tatoeba-13782728	Küçük bir şehir.	It's a small town.		Tatoeba #13782728 (Adelpa); English #2210535 (Hybrid); https://tatoeba.org/en/sentences/13782728; https://tatoeba.org/en/sentences/2210535	CC BY 2.0 FR
tatoeba-13784370	Tom hasta oldu.	Tom got sick.		Tatoeba #13784370 (Adelpa); English #1093926 (CK); https://tatoeba.org/en/sentences/13784370; https://tatoeba.org/en/sentences/1093926	CC BY 2.0 FR
tatoeba-13787701	Kırmızı elmayı gördüm.	I saw the red apple.		Tatoeba #13787701 (mervert1); English #13787699 (mervert1); https://tatoeba.org/en/sentences/13787701; https://tatoeba.org/en/sentences/13787699	CC BY 2.0 FR
tatoeba-13789105	Siyah kedileri severim.	I like black cats.		Tatoeba #13789105 (mervert1); English #13789099 (mervert1); https://tatoeba.org/en/sentences/13789105; https://tatoeba.org/en/sentences/13789099	CC BY 2.0 FR
tatoeba-13814085	Tek başına geldi.	He's come alone.		Tatoeba #13814085 (hasanyildiz); English #8480113 (CH); https://tatoeba.org/en/sentences/13814085; https://tatoeba.org/en/sentences/8480113	CC BY 2.0 FR
tatoeba-13814195	Tom rüya gördü.	Tom dreamt.		Tatoeba #13814195 (hasanyildiz); English #7758263 (shekitten); https://tatoeba.org/en/sentences/13814195; https://tatoeba.org/en/sentences/7758263	CC BY 2.0 FR
tatoeba-13863092	Ona yolu göster.	Show him the way.		Tatoeba #13863092 (Doaa_Ashraf24); English #12692961 (Aghanim); https://tatoeba.org/en/sentences/13863092; https://tatoeba.org/en/sentences/12692961	CC BY 2.0 FR
tatoeba-13899382	Yolun karşısında yaşıyorum.	I live across the road.		Tatoeba #13899382 (vvv123); English #12911693 (Asif); https://tatoeba.org/en/sentences/13899382; https://tatoeba.org/en/sentences/12911693	CC BY 2.0 FR
tatoeba-13899404	Bunu anlamak istiyorum.	I'd like to understand this.		Tatoeba #13899404 (vvv123); English #13752920 (frpzzd); https://tatoeba.org/en/sentences/13899404; https://tatoeba.org/en/sentences/13752920	CC BY 2.0 FR
tatoeba-13899405	Yeniden başlamak istiyorum.	I'd like to start again.		Tatoeba #13899405 (vvv123); English #12647950 (sundown); https://tatoeba.org/en/sentences/13899405; https://tatoeba.org/en/sentences/12647950	CC BY 2.0 FR
tatoeba-13899608	Odası derli topluydu.	Her room was tidy.		Tatoeba #13899608 (ninefi); English #13899540 (rul); https://tatoeba.org/en/sentences/13899608; https://tatoeba.org/en/sentences/13899540	CC BY 2.0 FR
tatoeba-13911714	Bugün son gün.	Today's the last day.		Tatoeba #13911714 (serefsaid); English #13910598 (araneo); https://tatoeba.org/en/sentences/13911714; https://tatoeba.org/en/sentences/13910598	CC BY 2.0 FR
tatoeba-13912180	ABD'den geldim.	I came from the States.		Tatoeba #13912180 (serefsaid); English #13908860 (frpzzd); https://tatoeba.org/en/sentences/13912180; https://tatoeba.org/en/sentences/13908860	CC BY 2.0 FR
tatoeba-13912586	Bir yolunu bulurum.	I will find a way.		Tatoeba #13912586 (serefsaid); English #13908650 (ada_b); https://tatoeba.org/en/sentences/13912586; https://tatoeba.org/en/sentences/13908650	CC BY 2.0 FR
tatoeba-13932689	Onun fikirlerini seviyorum.	I love her ideas.		Tatoeba #13932689 (deyta); English #5857200 (OsoHombre); https://tatoeba.org/en/sentences/13932689; https://tatoeba.org/en/sentences/5857200	CC BY 2.0 FR
tatoeba-13932926	Çocukları okula götürmüyorum.	I'm not taking the kids to school.		Tatoeba #13932926 (ninefi); English #13928756 (rul); https://tatoeba.org/en/sentences/13932926; https://tatoeba.org/en/sentences/13928756	CC BY 2.0 FR
tatoeba-13933156	Kahve aldın mı?	Did you buy coffee?		Tatoeba #13933156 (ninefi); English #12487500 (CK); https://tatoeba.org/en/sentences/13933156; https://tatoeba.org/en/sentences/12487500	CC BY 2.0 FR
tatoeba-13942938	On saat uyudum.	I slept for ten hours.		Tatoeba #13942938 (deyta); English #13942477 (araneo); https://tatoeba.org/en/sentences/13942938; https://tatoeba.org/en/sentences/13942477	CC BY 2.0 FR
tatoeba-13962753	Mektuplarımı aldı mı?	Has she received my letters?		Tatoeba #13962753 (deyta); English #13962322 (Ioan_Cristian); https://tatoeba.org/en/sentences/13962753; https://tatoeba.org/en/sentences/13962322	CC BY 2.0 FR
tatoeba-14020476	Köpeğimi çok seviyorum.	I love my dog.		Tatoeba #14020476 (carlosalberto); English #5455292 (Henrix); https://tatoeba.org/en/sentences/14020476; https://tatoeba.org/en/sentences/5455292	CC BY 2.0 FR
tatoeba-1538621	Yaşlı adamı memnun etmek zordur.	The old man is hard to please.		Tatoeba #1538621 (duran); English #43383 (CN); https://tatoeba.org/en/sentences/1538621; https://tatoeba.org/en/sentences/43383	CC BY 2.0 FR
tatoeba-1612034	Saçımı kestirmek istiyorum.	I would like to have my hair cut.		Tatoeba #1612034 (duran); English #245131 (CK); https://tatoeba.org/en/sentences/1612034; https://tatoeba.org/en/sentences/245131	CC BY 2.0 FR
tatoeba-1620177	Telefon tekrar bozuldu.	The phone was out of order again.		Tatoeba #1620177 (duran); English #279303 (CK); https://tatoeba.org/en/sentences/1620177; https://tatoeba.org/en/sentences/279303	CC BY 2.0 FR
tatoeba-2084739	Sana yardım etmek istiyorum.	I'd like to help you.		Tatoeba #2084739 (duran); English #1936440 (CK); https://tatoeba.org/en/sentences/2084739; https://tatoeba.org/en/sentences/1936440	CC BY 2.0 FR
tatoeba-2116339	Nasıl oldu da buradasın?	How come you are here?		Tatoeba #2116339 (duran); English #38691 (CC); https://tatoeba.org/en/sentences/2116339; https://tatoeba.org/en/sentences/38691	CC BY 2.0 FR
tatoeba-2714563	Mutlu olmamızı istedim.	I wanted us to be happy.		Tatoeba #2714563 (Gulo_Luscus); English #2011945 (CK); https://tatoeba.org/en/sentences/2714563; https://tatoeba.org/en/sentences/2011945	CC BY 2.0 FR
tatoeba-2763009	Seni uyarmak istedim.	I wanted to warn you.		Tatoeba #2763009 (User20656); English #2011586 (CK); https://tatoeba.org/en/sentences/2763009; https://tatoeba.org/en/sentences/2011586	CC BY 2.0 FR
tatoeba-3799449	O reçel yapmak için elmalar kullandı.	She used apples to do the jam.		Tatoeba #3799449 (duran); English #1183521 (Cherubian); https://tatoeba.org/en/sentences/3799449; https://tatoeba.org/en/sentences/1183521	CC BY 2.0 FR
tatoeba-3873489	Tom hastaydı bu yüzden doğum günü partime gelemedi.	Tom was sick, so he couldn't come to my birthday party.		Tatoeba #3873489 (duran); English #3185632 (CK); https://tatoeba.org/en/sentences/3873489; https://tatoeba.org/en/sentences/3185632	CC BY 2.0 FR
tatoeba-3879448	Kütüphanenin önünde sadece Tom'u gördüm.	I just saw Tom in front of the library.		Tatoeba #3879448 (duran); English #2373956 (CK); https://tatoeba.org/en/sentences/3879448; https://tatoeba.org/en/sentences/2373956	CC BY 2.0 FR
tatoeba-4096493	Tom sonucu bilmek için endişeli.	Tom is anxious to know the result.		Tatoeba #4096493 (duran); English #3446973 (CK); https://tatoeba.org/en/sentences/4096493; https://tatoeba.org/en/sentences/3446973	CC BY 2.0 FR
tatoeba-4157814	Neredeyse her gün kestiririm.	I have a nap almost every day.		Tatoeba #4157814 (User20656); English #1740365 (Amastan); https://tatoeba.org/en/sentences/4157814; https://tatoeba.org/en/sentences/1740365	CC BY 2.0 FR
tatoeba-4202170	Gerçekten Tom gibi mi olmak istiyorsun?	Do you really want to be like Tom?		Tatoeba #4202170 (deyta); English #1874021 (CK); https://tatoeba.org/en/sentences/4202170; https://tatoeba.org/en/sentences/1874021	CC BY 2.0 FR
tatoeba-4446406	En son ne zaman bunu yapmak zorunda kaldın?	When was the last time you had to do this?		Tatoeba #4446406 (duran); English #4384954 (CK); https://tatoeba.org/en/sentences/4446406; https://tatoeba.org/en/sentences/4384954	CC BY 2.0 FR
tatoeba-4525282	Şimdi nerede olduğunuzu bilmek istiyorum.	I want to know where you are now.		Tatoeba #4525282 (maydoo); English #1046391 (Juankarlos); https://tatoeba.org/en/sentences/4525282; https://tatoeba.org/en/sentences/1046391	CC BY 2.0 FR
tatoeba-4725798	Ben bırakmaya çalışıyorum.	I'm trying to quit.		Tatoeba #4725798 (duran); English #2548660 (CK); https://tatoeba.org/en/sentences/4725798; https://tatoeba.org/en/sentences/2548660	CC BY 2.0 FR
tatoeba-4751157	Ben kapıyı açacağım.	I will open the door.		Tatoeba #4751157 (deyta); English #4652198 (bsc2015); https://tatoeba.org/en/sentences/4751157; https://tatoeba.org/en/sentences/4652198	CC BY 2.0 FR
tatoeba-4755628	Mola sırasında biraz kahve içelim.	Let's have some coffee during recess.		Tatoeba #4755628 (deyta); English #19774 (shekitten); https://tatoeba.org/en/sentences/4755628; https://tatoeba.org/en/sentences/19774	CC BY 2.0 FR
tatoeba-4826063	Senin mektubunu aldım ve onu zevkle okudum.	I have received your letter and read it with delight.		Tatoeba #4826063 (deyta); English #1582778 (eastasiastudent); https://tatoeba.org/en/sentences/4826063; https://tatoeba.org/en/sentences/1582778	CC BY 2.0 FR
tatoeba-4849714	Okula ilk gittiği günü hatırladı.	She remembered the first day she went to school.		Tatoeba #4849714 (tulin); English #510207 (CK); https://tatoeba.org/en/sentences/4849714; https://tatoeba.org/en/sentences/510207	CC BY 2.0 FR
tatoeba-4929148	Bu gece partiye geliyor musun?	Are you coming to the party tonight?		Tatoeba #4929148 (duran); English #4664215 (CK); https://tatoeba.org/en/sentences/4929148; https://tatoeba.org/en/sentences/4664215	CC BY 2.0 FR
tatoeba-5036621	Onu tekrar aramaya çalıştım.	I tried to call him back.		Tatoeba #5036621 (duran); English #3918947 (CH); https://tatoeba.org/en/sentences/5036621; https://tatoeba.org/en/sentences/3918947	CC BY 2.0 FR
tatoeba-5161673	Bana cevap vermeni istiyorum.	I want you to answer me.		Tatoeba #5161673 (duran); English #5160168 (CarpeLanam); https://tatoeba.org/en/sentences/5161673; https://tatoeba.org/en/sentences/5160168	CC BY 2.0 FR
tatoeba-5531720	Tom daha fazla para kazanmak istedi.	Tom wanted to make more money.		Tatoeba #5531720 (duran); English #5531616 (CK); https://tatoeba.org/en/sentences/5531720; https://tatoeba.org/en/sentences/5531616	CC BY 2.0 FR
tatoeba-5666904	Tom ve Mary birlikte dışarı çıkmaya karar verdi.	Tom and Mary decided to go out together.		Tatoeba #5666904 (duran); English #5666341 (CK); https://tatoeba.org/en/sentences/5666904; https://tatoeba.org/en/sentences/5666341	CC BY 2.0 FR
tatoeba-5787028	Herkes ev ödevini yaptı mı?	Did everyone do their homework?		Tatoeba #5787028 (duran); English #5782932 (Hybrid); https://tatoeba.org/en/sentences/5787028; https://tatoeba.org/en/sentences/5782932	CC BY 2.0 FR
tatoeba-5863678	Önümüzdeki pazartesi gününe kadar kasaba dışında olacağım.	I'll be out of town until next Monday.		Tatoeba #5863678 (deyta); English #5851358 (CK); https://tatoeba.org/en/sentences/5863678; https://tatoeba.org/en/sentences/5851358	CC BY 2.0 FR
tatoeba-5957244	Sami artık onu yapmak istemediğini söylüyor.	Sami says he doesn't want to do that anymore.		Tatoeba #5957244 (deyta); English #5913275 (OsoHombre); https://tatoeba.org/en/sentences/5957244; https://tatoeba.org/en/sentences/5913275	CC BY 2.0 FR
tatoeba-6086349	Tom bunu uzun zamandır yapmaya çalışıyor.	Tom has been trying to do that for a long time.		Tatoeba #6086349 (duran); English #6085782 (CK); https://tatoeba.org/en/sentences/6086349; https://tatoeba.org/en/sentences/6085782	CC BY 2.0 FR
tatoeba-6102085	Sami'nin okulda bir sorunu vardı.	Sami had a problem at school.		Tatoeba #6102085 (deyta); English #6101280 (OsoHombre); https://tatoeba.org/en/sentences/6102085; https://tatoeba.org/en/sentences/6101280	CC BY 2.0 FR
tatoeba-6302239	Haklı olduğunuzu biliyorum.	I know you're right.		Tatoeba #6302239 (duran); English #1887528 (CK); https://tatoeba.org/en/sentences/6302239; https://tatoeba.org/en/sentences/1887528	CC BY 2.0 FR
tatoeba-6394544	Buraya Fransız öğrenmeye geldim.	I came here to learn French.		Tatoeba #6394544 (duran); English #6353328 (CK); https://tatoeba.org/en/sentences/6394544; https://tatoeba.org/en/sentences/6353328	CC BY 2.0 FR
tatoeba-6554981	Odada hiç sandalye yoktu.	There weren't any chairs in the room.		Tatoeba #6554981 (duran); English #6529004 (CK); https://tatoeba.org/en/sentences/6554981; https://tatoeba.org/en/sentences/6529004	CC BY 2.0 FR
tatoeba-6716397	Sami, Leyla'nın üzüldüğünü görmek istemiyordu.	Sami didn't want to see Layla sad.		Tatoeba #6716397 (deyta); English #6715759 (OsoHombre); https://tatoeba.org/en/sentences/6716397; https://tatoeba.org/en/sentences/6715759	CC BY 2.0 FR
tatoeba-6763721	Tom'un Kanadalı olduğunu biliyor muydun?	Did you know that Tom was Canadian?		Tatoeba #6763721 (duran); English #6246587 (CK); https://tatoeba.org/en/sentences/6763721; https://tatoeba.org/en/sentences/6246587	CC BY 2.0 FR
tatoeba-6853640	Tom onu yapmak için muhtemelen bir yol bulacak.	Tom is likely to find a way to do that.		Tatoeba #6853640 (deyta); English #6852691 (CK); https://tatoeba.org/en/sentences/6853640; https://tatoeba.org/en/sentences/6852691	CC BY 2.0 FR
tatoeba-7124591	Kendimi yaşlı bir adam gibi hissediyorum.	I feel like an old man.		Tatoeba #7124591 (tulin); English #7123642 (CK); https://tatoeba.org/en/sentences/7124591; https://tatoeba.org/en/sentences/7123642	CC BY 2.0 FR
tatoeba-12062343	Tom ve Mary otel odasının anahtarını kaybetti.	Tom and Mary lost the key to their hotel room.		Tatoeba #12062343 (deyta); English #7471235 (CT); https://tatoeba.org/en/sentences/12062343; https://tatoeba.org/en/sentences/7471235	CC BY 2.0 FR
tatoeba-13979488	Sensiz olmak istemiyorum.	I don't want to be without you.		Tatoeba #13979488 (ninefi); English #13977422 (Vortarulo); https://tatoeba.org/en/sentences/13979488; https://tatoeba.org/en/sentences/13977422	CC BY 2.0 FR
tatoeba-13862684	Deniz ürünlerini seviyor.	He likes seafood.		Tatoeba #13862684 (Adelpa); English #2855351 (Amastan); https://tatoeba.org/en/sentences/13862684; https://tatoeba.org/en/sentences/2855351	CC BY 2.0 FR
tatoeba-13740397	Yarın gün doğacak.	Tomorrow the sun will rise.		Tatoeba #13740397 (Draig); English #13740346 (Aghanim); https://tatoeba.org/en/sentences/13740397; https://tatoeba.org/en/sentences/13740346	CC BY 2.0 FR
